name,department,position,salary
"JEDIDIAH, PALLAS O",FINANCE,PYTHON DEVELOPER,"$108,156.28"
"FLORETTE, JODLOWSKI R",MARKETING,DIRECTOR,"$85,000.00"
"KIZZIE, PAULUS D",PROCUREMENT,DIRECTOR,"$85,000.00"
"ENNIS, MACQUIST N",SALES,DATA ANALYST,"$76,715.61"
"VAIL, HONATSCH R",DESIGN,DEVELOPER,"$117,247.37"
"ADEY, LAUTIE V",MARKETING,WEB DESIGNER,"$117,873.88"
"MONIKA, KOCHER N",FINANCE,DIRECTOR,"$85,000.00"
"ALLIE, DIRAND S",PRODUCTION,DIRECTOR,"$85,000.00"
"ALUIN, HUSTINGS V",MARKETING,SENIOR MANAGER,"$118,494.26"
"PRESCOTT, EXROL G",DESIGN,PYTHON DEVELOPER,"$68,242.73"
"FIDELITY, MACMEARTY I",HUMAN RESOURCES,JUNIOR DATA ANALYST,"$119,524.79"
"AUGUSTO, RAVENS W",LOGISTICS,SENIOR CONSULTANT,"$104,558.00"
"ROSALIE, TOPLEY W",HUMAN RESOURCES,WEB DESIGNER,"$67,011.85"
"CRISTIANO, SMETOUN H",MARKETING,SENIOR DATA ANALYST,"$99,145.34"
"SELA, LEATHLAY A",LOGISTICS,INTERN DATA,"$35,000.00"
"RAE, NENO L",FINANCE,DIRECTOR,"$85,000.00"
"RHEBA, DEAKES B",SALES,SALES ANALYST,"$40,448.00"
"TOM, VLAD H",WATER RESOURCES,ANALYST,"$65,500.00"
"DORENA, SCOUGALL C",SALES,WEB DESIGNER,"$41,766.00"
"LORINE, SUMMERSBY M",PROCUREMENT,DIRECTOR,"$85,000.00"
"ONFROI, MAGRANE D",MARKETING,DEVELOPER,"$46,690.00"
"GUSS, VENNERS A",FINANCE,SENIOR DIRECTOR,"$42,225.00"
"INDIRA, COUNIHAN A",PRODUCTION,DIRECTOR,"$85,000.00"
"SHAYNE, MERIT W",SALES,SALES ANALYST,"$48,576.00"
"BEVERLY, FOMICHKIN B",ACCOUNTS,SALES ANALYST,"$44,420.00"
"KATHRYNE, ARMATYS L",HUMAN RESOURCES,CONSULTANT,"$44,857.00"
"MARIUS, GROUNDWATOR T",SALES,SALES ANALYST,"$52,101.00"
"LAMMOND, CONNETT B",SALES,SALES ANALYST,"$50,841.00"
"RHIANNA, GLAZE G",LOGISTICS,WEB DESIGNER,"$40,566.00"
"TITOS, LEVAY O",SALES,DATA ANALYST,"$45,113.00"
"MAN, LOWNDSBOROUGH B",HUMAN RESOURCES,DIRECTOR,"$85,000.00"
"JEN, SCHLABB K",WATER RESOURCES,ANALYST,"$65,500.00"
"RAB, KELLEDY S",PRODUCTION,CONSULTANT,"$46,134.00"
"TRIPP, SHAMA W",DESIGN,MANAGER,"$43,172.00"
"TAMAS, MATTERSEY D",MARKETING,DIRECTOR,"$85,000.00"
"SEUMAS, GAINES F",LOGISTICS,DEVELOPER,"$50,917.00"
"KENON, PIERONI P",LOGISTICS,TEAM LEADER,"$54,753.00"
"TIFFIE, RUBINOW A",ACCOUNTS,SENIOR DIRECTOR,"$48,723.00"
"LAVERNE, MCGHIE R",SALES,JUNIOR MANAGER,"$54,485.00"
"LORRIE, HORT M",MARKETING,DEVELOPER,"$44,164.00"
"OSWALD, FALDO N",PROCUREMENT,MANAGER,"$39,147.00"
"ADRIANA, HAPS L",DESIGN,SENIOR CONSULTANT,"$53,843.00"
"KIAL, GERSAM H",ACCOUNTS,SENIOR DIRECTOR,"$53,951.00"
"AB, SYDNEY H",SALES,DATA ANALYST,"$41,792.00"
"IGNAZ, KELWICK H",FINANCE,TEAM LEADER,"$47,666.00"
"KALLI, RUTHVEN B",FINANCE,WEB DESIGNER,"$47,650.00"
"MURVYN, SKINN J",PRODUCTION,CONSULTANT,"$46,186.00"
"MARCELLA, MESSUM I",FINANCE,SENIOR DIRECTOR,"$39,965.00"
"KRISTIN, FENGE F",HUMAN RESOURCES,WEB DESIGNER,"$38,100.00"
"LEZLEY, MOZZETTI C",PRODUCTION,SENIOR MANAGER,"$52,751.00"
"LINZY, TURMELL D",LOGISTICS,SENIOR MANAGER,"$49,857.00"
"SKYLAR, CLEWLOWE N",MARKETING,SENIOR DIRECTOR,"$41,657.00"
"CHEV, DORMER J",ACCOUNTS,SENIOR DIRECTOR,"$46,895.00"
"TAMMI, WARE V",SALES,SALES ANALYST,"$38,863.00"
"CARY, GABRIEL R",HUMAN RESOURCES,SALES ANALYST,"$53,009.00"
"LONNIE, SIBYLLA G",SALES,SENIOR DIRECTOR,"$49,069.00"
"BRIG, HAKES V",FINANCE,JUNIOR MANAGER,"$48,436.00"
"JEFFEREY, O'DONOVAN R",SALES,TEAM LEADER,"$38,398.00"
"FERNANDA, LIVOCK V",SALES,SENIOR CONSULTANT,"$42,574.00"
"ORRAN, ROEBOTTOM C",HUMAN RESOURCES,SENIOR MANAGER,"$48,511.00"
"CAROLYN, POTBURY D",SALES,SALES ANALYST,"$75,000.00"
"FELIKE, WESSING S",LOGISTICS,DATA ANALYST,"$45,965.00"
"DENNY, ISENOR V",ACCOUNTS,SENIOR DIRECTOR,"$45,149.00"
"TOBIAH, MINETT P",DESIGN,SALES ANALYST,"$49,556.00"
"MAGGIE, REDGATE C",PRODUCTION,MANAGER,"$51,420.00"
"GERI, MARNES W",HUMAN RESOURCES,SALES ANALYST,"$38,990.00"
"OFELIA, MACHEN C",PRODUCTION,PYTHON DEVELOPER,"$51,977.00"
"ELBERTA, THEUFF G",SALES,SALES ANALYST,"$75,000.00"
"VIRGINIE, GRIEF D",DESIGN,PYTHON DEVELOPER,"$41,830.00"
"GILBERTO, DERMOTT T",FINANCE,DATA ANALYST,"$42,604.00"
"ALOISIA, BOAKE G",FINANCE,DEVELOPER,"$44,547.00"
"QUERIDA, LEDFORD S",LOGISTICS,DEVELOPER,"$42,718.00"
"NANI, SIMYSON R",SALES,DEVELOPER,"$39,768.00"
"INES, HARSTON O",FINANCE,WEB DESIGNER,"$46,395.00"
"PEYTER, AUGER D",FINANCE,PYTHON DEVELOPER,"$49,846.00"
"BRIDGETTE, KNIGHTLY F",SALES,DEVELOPER,"$38,752.00"
"BRADAN, CORONAS T",LOGISTICS,JUNIOR MANAGER,"$47,352.00"
"CHADDY, DOXSEY D",HUMAN RESOURCES,DIRECTOR,"$85,000.00"
"OREN, BULLOCKE D",MARKETING,SENIOR DIRECTOR,"$40,548.00"
"INGRIM, HOSTEN H",SALES,SALES ANALYST,"$74,000.00"
"HAMID, SEARSON W",DESIGN,SALES ANALYST,"$44,857.00"
"CONWAY, VENNING D",MARKETING,CONSULTANT,"$52,101.00"
"MELESA, SOUTHORN A",ACCOUNTS,SENIOR DIRECTOR,"$50,841.00"
"CROSBY, CLAESSENS N",SALES,SALES ANALYST,"$40,566.00"
"DONN, CALVEY R",ACCOUNTS,SALES ANALYST,"$45,113.00"
"MARY, FISHER",TECH,DATA SCIENTIST,"$95,000.00"
"REGINE, IVAIN B",SALES,DIRECTOR,"$85,000.00"
"DOMINIK, MARTINET D",SALES,PYTHON DEVELOPER,"$46,134.00"
"ESTELL, VINEY I",FINANCE,SENIOR MANAGER,"$43,172.00"
"SKIPPY, HAMBLIN M",SALES,SENIOR DIRECTOR,"$40,558.00"
"GERRI, AILWARD M",HUMAN RESOURCES,CONSULTANT,"$50,917.00"
"SELENE, MAXTED O",LOGISTICS,DATA ANALYST,"$54,753.00"
"HARRI, LOBER B",ACCOUNTS,DEVELOPER,"$48,723.00"
"LARYSSA, MCCOOK V",HUMAN RESOURCES,WEB DESIGNER,"$54,485.00"
"ARDATH, REDIHALGH L",ACCOUNTS,WEB DESIGNER,"$44,164.00"
"TRACEY, BURG T",ACCOUNTS,DEVELOPER,"$39,147.00"
"IVAR, WILCE O",MARKETING,JUNIOR MANAGER,"$53,843.00"
"FREEMON, OCHTERLONY W",ACCOUNTS,JUNIOR MANAGER,"$53,951.00"
"BARBRA, BEALE N",SALES,DEVELOPER,"$41,792.00"
"MINETTE, JAKEMAN D",HUMAN RESOURCES,PYTHON DEVELOPER,"$47,666.00"
"GWENDOLYN, RAGAT R",PROCUREMENT,SENIOR MANAGER,"$47,650.00"
"CELENE, LEGGS R",LOGISTICS,WEB DESIGNER,"$46,186.00"
"GALVEN, GOCKELEN T",ACCOUNTS,SENIOR MANAGER,"$39,965.00"
"PETER, FOLLY M",TECH,JUNIIOR CONSULTANT,"$64,000.00"
"CARYL, BOUNTIFF R",HUMAN RESOURCES,JUNIOR MANAGER,"$38,100.00"
"PRISCELLA, BRAYBROOKE H",PRODUCTION,WEB DESIGNER,"$52,751.00"
"NATANIEL, JULEFF I",PROCUREMENT,MANAGER,"$49,857.00"
"GALE, SCUFFHAM N",DESIGN,WEB DESIGNER,"$41,657.00"
"CATINA, LARVIN V",FINANCE,DEVELOPER,"$46,895.00"
"ELISABETH, SIGNORE C",LOGISTICS,MANAGER,"$38,863.00"
"KANE, SALVADORE T",PRODUCTION,SENIOR MANAGER,"$53,009.00"
"NAPOLEON, DUPLOCK O",PROCUREMENT,SENIOR MANAGER,"$49,069.00"
"MERL, JERROLD R",SALES,SALES ANALYST,"$48,436.00"
"SUSAN, MATINS",TECH,SENIOR DATA SCIENTIST,"$135,000.00"
"WALLY, RISPEN L",HUMAN RESOURCES,SENIOR CONSULTANT,"$38,398.00"
"MARTI, JOUANOT P",SALES,SALES ANALYST,"$42,574.00"
"ALICE, LE SIEUR H",SALES,MANAGER,"$48,511.00"
"FLORIDA, AUTIE O",ACCOUNTS,DEVELOPER,"$45,172.00"
"MELANY, FARNABY J",LOGISTICS,WEB DESIGNER,"$45,965.00"
"DORALYNNE, MINMAGH F",DESIGN,TEAM LEADER,"$45,149.00"
"CARENA, BIASETTI A",SALES,DEVELOPER,"$49,556.00"
"KALINDI, CAVNOR E",ACCOUNTS,SENIOR DIRECTOR,"$51,420.00"
"ALDRICH, CORRADINO P",MARKETING,SENIOR DIRECTOR,"$38,990.00"
"JUAN, FELIPE E",TECH,JUNIOR DATA SCIENTIST,"$80,000.00"
"RAIMONDO, LANGRIDGE E",MARKETING,SENIOR MANAGER,"$51,977.00"
"RICHARDO, BEATY L",PRODUCTION,MANAGER,"$40,101.00"
"DARIUS, FFRENCH W",HUMAN RESOURCES,SENIOR MANAGER,"$41,830.00"
"SOPHEY, ALMOND H",SALES,DEVELOPER,"$42,604.00"
"NATHAN, HERRERO C",PRODUCTION,SENIOR DIRECTOR,"$44,547.00"
"TONIE, KARLEMAN G",ACCOUNTS,DATA ANALYST,"$42,718.00"
"JAQUENETTA, HAPS R",PROCUREMENT,DEVELOPER,"$39,768.00"
"ANGELINE, GUIRARD C",LOGISTICS,SENIOR DIRECTOR,"$46,395.00"
"CHERIANNE, SCUTTER E",PROCUREMENT,CONSULTANT,"$49,846.00"
"ZECHARIAH, PREST G",MARKETING,WEB DESIGNER,"$38,752.00"
"MARGET, LYNE N",LOGISTICS,JUNIOR MANAGER,"$47,352.00"
"YEHUDIT, PONNSETT R",DESIGN,TEAM LEADER,"$38,376.00"
"MARYJO, VISCO P",HUMAN RESOURCES,SALES ANALYST,"$40,548.00"
"LEMMIE, CAHALAN C",MARKETING,MANAGER,"$51,059.00"
"LINN, FRONKS D",PROCUREMENT,PYTHON DEVELOPER,"$40,637.00"
"WALLACHE, SPENCLAY G",DESIGN,CONSULTANT,"$45,639.00"
"WILLARD, BELLSON M",SALES,MANAGER,"$42,245.00"
"SIMONA, BATTELL D",PROCUREMENT,SALES ANALYST,"$54,030.00"
"GALE, DOUBLE I",LOGISTICS,CONSULTANT,"$38,671.00"
"MILT, SIRL C",SALES,TEAM LEADER,"$45,040.00"
"SEKA, PIETRUSZKA I",MARKETING,WEB DESIGNER,"$52,811.00"
"GUS, HARRY T",ACCOUNTS,JUNIOR MANAGER,"$47,518.00"
"REAMONN, BRIMACOMBE F",DESIGN,JUNIOR MANAGER,"$115,571.53"
"ARDEN, VAN DEN BROEK B",SALES,SALES ANALYST,"$43,758.00"
"HEDDA, MURRISH B",FINANCE,DIRECTOR,"$113,278.46"
"EVELINA, BUTCHER F",HUMAN RESOURCES,WEB DESIGNER,"$67,562.77"
"CAMEY, WESTBURY O",PRODUCTION,TEAM LEADER,"$74,203.98"
"COLLY, ZANUTTI D",SALES,SALES ANALYST,"$63,555.00"
"MELINDA, SCHULTZ",TECH,REGIONAL DIRECTOR,"$145,000.00"
"FERNANDINA, MONTROSE A",HUMAN RESOURCES,PYTHON DEVELOPER,"$117,012.90"
"MARYELLEN, GILKES V",ACCOUNTS,SENIOR MANAGER,"$92,486.09"
"MAURIZIA, ALENNIKOV F",SALES,SALES ANALYST,"$61,200.00"
"CRISTAL, OXBROUGH W",ACCOUNTS,JUNIOR MANAGER,"$71,212.59"
"DUANE, COARD S",SALES,SALES ANALYST,"$112,055.03"
"MAHALA, RAWSTHORNE L",HUMAN RESOURCES,DEVELOPER,"$78,674.57"
"BARNABE, CHANTER O",SALES,SENIOR DIRECTOR,"$115,866.68"
"HURLEE, WALDRUM W",FINANCE,JUNIOR MANAGER,"$98,493.85"
"LOELLA, HASKEW C",MARKETING,MANAGER,"$65,533.44"
"DANNI, CARLIN J",LOGISTICS,SENIOR CONSULTANT,"$79,107.46"
"SHARAI, GREENHOW H",MARKETING,DIRECTOR,"$77,778.41"
"MALVIN, KEFORD I",PROCUREMENT,WEB DESIGNER,"$78,280.40"
"AMANDY, MACGIFFIN O",HUMAN RESOURCES,TEAM LEADER,"$95,059.59"
"MAC, GLANCEY I",DESIGN,PYTHON DEVELOPER,"$82,300.73"
"JANIE, THEOBALD V",HUMAN RESOURCES,CONSULTANT,"$72,741.13"
"RUBIE, CRIGIN A",SALES,SALES ANALYST,"$38,157.00"
"WYLMA, GOLDSTEIN F",PRODUCTION,SENIOR MANAGER,"$105,169.25"
"CORDEY, MAYER T",SALES,SALES ANALYST,"$43,076.00"
"LUZ, PERIS J",PROCUREMENT,WEB DESIGNER,"$60,605.99"
"ERWIN, ANSELM F",MARKETING,SENIOR DIRECTOR,"$68,045.42"
"JEROME, ZINCKE I",LOGISTICS,DATA ANALYST,"$64,151.42"
"ULBERTO, LIGHTOWLERS N",FINANCE,WEB DESIGNER,"$101,467.26"
"TERRELL, DOLEMAN H",DESIGN,DATA ANALYST,"$99,986.92"
"HAZEL, BUMPUS O",DESIGN,SENIOR MANAGER,"$62,935.15"
"WYNNE, OLDACRES N",SALES,DEVELOPER,"$86,414.22"
"GIFFORD, NATTRASS J",FINANCE,TEAM LEADER,"$115,361.30"
"CRISTEN, RATHBONE V",DESIGN,CONSULTANT,"$84,647.20"
"INESSA, PIDDLESDEN F",FINANCE,MANAGER,"$100,379.11"
"EB, JANAUD J",FINANCE,DEVELOPER,"$79,783.23"
"ANNADIANE, FULLICK J",ACCOUNTS,SENIOR DIRECTOR,"$72,629.19"
"GERMANA, DARCEY C",PROCUREMENT,SALES ANALYST,"$81,640.29"
"GAYLER, GEATOR F",FINANCE,PYTHON DEVELOPER,"$100,355.50"
"GEORAS, MACPAKE M",LOGISTICS,CONSULTANT,"$83,075.13"
"VALERIE, CRELLIM F",SALES,DATA ANALYST,"$91,527.41"
"OLENOLIN, SCUDDERS O",DESIGN,WEB DESIGNER,"$93,749.99"
"NORBIE, NISE H",DESIGN,SENIOR DIRECTOR,"$88,199.52"
"WINNIE, BERTL J",MARKETING,DATA ANALYST,"$119,828.62"
"CARLIE, BERGEAU C",PRODUCTION,DEVELOPER,"$94,859.96"
"JAMIL, BETTANAY N",SALES,SALES ANALYST,"$42,213.00"
"DARON, HUBBIS B",PRODUCTION,PYTHON DEVELOPER,"$87,370.84"
"URI, EUSTIS H",PRODUCTION,JUNIOR MANAGER,"$91,070.70"
"TESSIE, CROOSE C",PROCUREMENT,DIRECTOR,"$75,244.03"
"SHEPPARD, CARON W",HUMAN RESOURCES,TEAM LEADER,"$86,052.04"
"HARLIE, JANOTA N",SALES,MANAGER,"$94,049.94"
"ELWIRA, DOWLE F",DESIGN,CONSULTANT,"$116,971.73"
"OSBERT, CROCKETT T",DESIGN,SENIOR MANAGER,"$86,120.14"
"CASSY, DENNISTOUN R",FINANCE,SENIOR MANAGER,"$66,219.25"
"TYBIE, ANDREU H",PRODUCTION,MANAGER,"$116,927.91"
"FAYRE, WITTRINGTON A",PROCUREMENT,TEAM LEADER,"$111,020.03"
"CONRADE, SKAHILL V",LOGISTICS,SENIOR CONSULTANT,"$116,476.38"
"GIDEON, COXHELL P",ACCOUNTS,CONSULTANT,"$79,449.69"
"DARIUS, ELT W",SALES,PYTHON DEVELOPER,"$88,642.44"
"GARVEY, LOWNDESBROUGH O",PRODUCTION,CONSULTANT,"$111,221.41"
"JO, MATTIONI S",SALES,CONSULTANT,"$88,193.27"
"RORY, LAXSON S",PRODUCTION,SALES ANALYST,"$88,225.81"
"ALEXEI, GUMEY L",ACCOUNTS,DEVELOPER,"$99,345.08"
"FLORANCE, SPINIELLO D",ACCOUNTS,DATA ANALYST,"$92,019.90"
"SIBYL, PAPE H",FINANCE,JUNIOR MANAGER,"$92,979.64"
"RAKESH, SHARMA",TECH,JUNIOR DATA SCIENTIST,"$72,000.00"
"TERIANN, VYNARDE P",SALES,SALES ANALYST,"$38,173.00"
"NIKOLETTA, WEAGENER B",SALES,SENIOR CONSULTANT,"$94,128.13"
"CARLY, SCAMAL P",DESIGN,ADMIN OFFICER,"$38,816.00"
"JANIFER, ADNE B",SALES,SENIOR DIRECTOR,"$97,856.31"
"ANDREE, DUNWOODY C",SALES,TEAM LEADER,"$61,607.43"
"CASAR, WIMES M",LOGISTICS,DIRECTOR,"$92,475.19"
"MINNY, GULC H",PRODUCTION,DEVELOPER,"$65,766.73"
"EDE, GLANCEY M",PRODUCTION,SALES ANALYST,"$66,890.79"
"GABRIELLO, HAGGETT B",MARKETING,SALES ANALYST,"$85,732.73"
"EVERED, GIORGI E",LOGISTICS,TEAM LEADER,"$92,796.26"
"SKELL, PAVLOVSKY W",PROCUREMENT,CONSULTANT,"$92,942.88"
"HEW, JELLINGS A",PRODUCTION,DIRECTOR,"$106,392.12"
"PATEN, KOFAX N",DESIGN,SALES ANALYST,"$91,210.76"
"ALARIC, EARWICKER T",LOGISTICS,PYTHON DEVELOPER,"$101,989.68"
"FEMI, KOLADE T",TECH,PRODUCT MANAGER,"$115,000.00"
"MURIELLE, HEINIG R",SALES,JUNIOR MANAGER,"$66,131.10"
"RUTHANN, GROUVEL O",MARKETING,DIRECTOR,"$81,134.40"
"BARNABAS, FARNILL P",ACCOUNTS,WEB DESIGNER,"$116,165.84"
"PETER, SALE B",LOGISTICS,DIRECTOR,"$110,592.40"
"SAX, CHARNLEY B",LOGISTICS,PYTHON DEVELOPER,"$83,435.55"
"NAT, DANIELI I",PROCUREMENT,DATA ANALYST,"$107,550.31"
"KIEL, FESSLER I",PROCUREMENT,WEB DESIGNER,"$95,150.50"
"DARA, LYE T",PRODUCTION,SENIOR DIRECTOR,"$79,963.55"
"TONIE, RISSO W",LOGISTICS,DEVELOPER,"$96,313.36"
"SHERRI, STICHALL V",FINANCE,MANAGER,"$74,875.63"
"MORSE, SCHOOLFIELD A",LOGISTICS,ADMIN OFFICER,"$39,633.00"
"ANNETTE, HIGOUNET S",ACCOUNTS,PYTHON DEVELOPER,"$83,014.64"
"MELOSA, AMBROZIAK M",HUMAN RESOURCES,SENIOR DIRECTOR,"$117,728.00"
"ALLIN, LIPPINI C",ACCOUNTS,DEVELOPER,"$63,413.33"
"CORDIE, CIOBUTARU D",LOGISTICS,DATA ANALYST,"$102,337.67"
"KARRAH, HUNDAL M",MARKETING,MANAGER,"$116,732.42"
"AUDRY, PIETRZAK N",PRODUCTION,WEB DESIGNER,"$99,792.34"
"ALETA, CHRISTESCU I",PRODUCTION,DATA ANALYST,"$106,183.62"
"GAILE, WITHRINGTON B",ACCOUNTS,MANAGER,"$86,235.86"
"JAQUENETTA, PEDICAN W",SALES,TEAM LEADER,"$119,692.88"
"YURI, HATCHARD E",DESIGN,ADMIN OFFICER,"$41,388.00"
"INGEBORG, BEATTIE W",LOGISTICS,CONSULTANT,"$111,999.90"
"JASEN, PAIRPOINT E",MARKETING,MANAGER,"$104,025.82"
"MORGEN, JOHNCEY P",HUMAN RESOURCES,SENIOR CONSULTANT,"$86,567.70"
"MICHAELINA, SOMMERSCALES J",ACCOUNTS,SENIOR DIRECTOR,"$60,365.59"
"DOUGIE, GOTCH G",SALES,MANAGER,"$75,049.68"
"HEINRICK, HAMER E",LOGISTICS,MANAGER,"$109,242.49"
"JANENNA, POINTIN R",PROCUREMENT,DIRECTOR,"$98,688.22"
"EDOUARD, DUNNING C",ACCOUNTS,TEAM LEADER,"$80,140.36"
"JACQUELIN, OHANESSIAN J",DESIGN,TEAM LEADER,"$64,432.13"
"MOZES, HEINEKEN F",SALES,SENIOR DIRECTOR,"$95,348.26"
"ESME, PEDYCAN I",FINANCE,TEAM LEADER,"$62,097.04"
"REMINGTON, YASHAEV F",FINANCE,DATA ANALYST,"$111,181.80"
"DAISI, BEGGIN L",SALES,TEAM LEADER,"$101,451.57"
"RHODIA, PUMMERY G",LOGISTICS,ADMIN OFFICER,"$41,060.00"
"CYNTHIE, STRANGER I",PROCUREMENT,DEVELOPER,"$95,118.92"
"STEFANO, CRAWCOUR H",MARKETING,SENIOR MANAGER,"$80,665.66"
"PEPITA, LAYBORN L",FINANCE,JUNIOR MANAGER,"$97,948.44"
"LEZLIE, FITTES L",ACCOUNTS,DIRECTOR,"$77,577.81"
"JOBY, HATTAM N",LOGISTICS,JUNIOR MANAGER,"$114,503.75"
"ALFIE, LEPPO E",SALES,SENIOR DIRECTOR,"$88,617.55"
"KLEMENT, SEYMER O",DESIGN,DIRECTOR,"$103,593.30"
"ROW, STORRES V",PRODUCTION,PYTHON DEVELOPER,"$61,575.08"
"GEREK, BROUNCKER V",FINANCE,TEAM LEADER,"$71,133.86"
"HOYT, BOZWORTH R",PRODUCTION,MANAGER,"$100,085.55"
"CARISSA, BAMLETT I",PRODUCTION,SENIOR MANAGER,"$84,975.27"
"ZOLLY, JOZWIK I",PROCUREMENT,DEVELOPER,"$68,935.50"
"MICHAEL, DEWAR M",MARKETING,ADMIN OFFICER,"$42,353.00"
"TOLU, MARTINS",TECH,WEB DEVELOPER,"$83,000.00"
"SKIPPIE, GLUSBY R",PRODUCTION,SENIOR MANAGER,"$72,477.93"
"PACO, BERZON G",MARKETING,ADMIN OFFICER,"$43,058.00"
"TAILOR, PITONE P",SALES,SALES ANALYST,"$116,938.75"
"LETTI, AIRETON R",PRODUCTION,CONSULTANT,"$77,087.71"
"BENNIE, LINNE B",SALES,JUNIOR MANAGER,"$118,081.22"
"KITTY, HASTY T",FINANCE,TEAM LEADER,"$104,243.68"
"DAVEN, HANNIBAL H",ACCOUNTS,DATA ANALYST,"$93,446.56"
"NICHOLE, TOCHER H",FINANCE,WEB DESIGNER,"$63,979.56"
"IMOGEN, MCCONWAY F",SALES,ADMIN OFFICER,"$41,415.00"
"DONELLA, SAUNDER A",PROCUREMENT,SENIOR CONSULTANT,"$97,817.82"
"CHERE, MATTIASSI T",ACCOUNTS,CONSULTANT,"$81,216.24"
"CATLAINA, MAILES B",ACCOUNTS,PYTHON DEVELOPER,"$69,237.74"
"GRETA, PROZESCKY C",LOGISTICS,CONSULTANT,"$100,301.58"
"BRANDISE, BEAKE V",LOGISTICS,DIRECTOR,"$104,008.18"
"BRANDYN, SPEACHLEY D",MARKETING,ADMIN OFFICER,"$43,835.00"
"LISSY, GREGOLOTTI N",MARKETING,DATA ANALYST,"$84,952.81"
"TYBALT, INKLES D",PROCUREMENT,SALES ANALYST,"$109,838.75"
"KARIL, WILLFORD W",PRODUCTION,DEVELOPER,"$111,583.14"
"RANCELL, ALOSHIKIN J",HUMAN RESOURCES,SENIOR DIRECTOR,"$95,012.21"
"COSETTE, MOODYCLIFFE M",PRODUCTION,JUNIOR MANAGER,"$93,801.45"
"EIRENA, AVERAY H",PRODUCTION,CONSULTANT,"$87,042.53"
"GLENNIS, SAYLOR O",HUMAN RESOURCES,DATA ANALYST,"$65,263.69"
"DANIA, O'DEE A",MARKETING,DIRECTOR,"$119,324.60"
"GOLDINA, PEACHEY O",PRODUCTION,DEVELOPER,"$84,837.08"
"ITCH, LILLIE P",SALES,MANAGER,"$70,948.33"
"ELMORE, CLASSEN V",PRODUCTION,JUNIOR MANAGER,"$72,997.82"
"BERNY, DOXEY A",DESIGN,TEAM LEADER,"$96,731.20"
"ALLY, HENKMANN D",PRODUCTION,ADMIN OFFICER,"$41,607.00"
"MAGDALENA, TIDDY J",FINANCE,DEVELOPER,"$80,435.81"
"REM, GOTHER G",ACCOUNTS,PYTHON DEVELOPER,"$68,587.42"
"DIANNNE, SABATI F",PROCUREMENT,SENIOR MANAGER,"$94,675.01"
"HERSCHEL, DIMIC P",ACCOUNTS,SALES ANALYST,"$104,648.93"
"OTHILIE, STRANGWARD B",ACCOUNTS,SENIOR CONSULTANT,"$90,377.60"
"REBECA, TOFFEL E",ACCOUNTS,DIRECTOR,"$85,675.88"
"JARID, POWDRILL A",ACCOUNTS,SALES ANALYST,"$90,358.12"
"ZOLLIE, WHIMPENNY M",PRODUCTION,DATA ANALYST,"$95,661.79"
"BERNETTE, LARGEN D",SALES,SENIOR CONSULTANT,"$100,547.65"
"WARREN, VONDERDELL R",PRODUCTION,SENIOR DIRECTOR,"$83,530.02"
"ANGUS, RENVOYS A",FINANCE,SENIOR MANAGER,"$70,369.37"
"BRYN, KILLORAN W",ACCOUNTS,DATA ANALYST,"$89,244.45"
"JEWELL, COCKING A",ACCOUNTS,JUNIOR MANAGER,"$98,107.20"
"SKELL, MACCUMESKEY L",FINANCE,MANAGER,"$101,045.54"
"READE, SIRCOMB C",LOGISTICS,SENIOR MANAGER,"$102,133.67"
"SOPHRONIA, STANNUS E",DESIGN,PYTHON DEVELOPER,"$61,265.06"
"HOLLY, LEATE I",FINANCE,DEVELOPER,"$77,348.43"
"SEYMOUR, MASSY E",DESIGN,SALES ANALYST,"$85,341.76"
"QUINN, CANO W",LOGISTICS,DIRECTOR,"$91,625.02"
"BRAD, TATTERS C",PRODUCTION,SENIOR CONSULTANT,"$61,653.46"
"KRISTI, GASKIN O",ACCOUNTS,DIRECTOR,"$74,685.99"
"CHARLES, CORNER B",LOGISTICS,ADMIN OFFICER,"$37,874.00"
"DEANA, STRANEO L",LOGISTICS,DEVELOPER,"$105,987.46"
"IGNAZ, FOOTTIT C",LOGISTICS,DATA ANALYST,"$65,615.00"
"VERONIQUE, KORDA P",PROCUREMENT,DIRECTOR,"$81,989.93"
"ELLEN, BULLAR E",LOGISTICS,SENIOR MANAGER,"$90,198.88"
"PHIP, JORDISON G",ACCOUNTS,SENIOR MANAGER,"$82,293.64"
"REIKO, DMITRIEV E",FINANCE,DATA ANALYST,"$74,177.98"
"MAURA, FIELD I",SALES,TEAM LEADER,"$110,489.03"
"LIVIA, DEENEY G",SALES,ADMIN OFFICER,"$39,107.00"
"BETHANY, DILLAWAY H",HUMAN RESOURCES,MANAGER,"$91,855.18"
"DANI, REARIE M",LOGISTICS,MANAGER,"$73,689.12"
"DELANO, PHILPAULT O",PRODUCTION,DATA ANALYST,"$104,803.05"
"DORRIE, MCGHIE S",DESIGN,DIRECTOR,"$78,094.87"
"HUMFREY, EARWICKER T",PRODUCTION,SENIOR MANAGER,"$98,540.47"
"QUILL, SCHENFISCH N",ACCOUNTS,WEB DESIGNER,"$106,381.58"
"BEATRIZ, GRISHANOV L",SALES,DEVELOPER,"$72,769.66"
"CLETUS, PHIPARD-SHEARS P",FINANCE,DATA ANALYST,"$119,411.64"
"GODDARD, BANFIELD T",MARKETING,SENIOR CONSULTANT,"$64,835.95"
"CRISTA, CASTARD I",HUMAN RESOURCES,DIRECTOR,"$119,674.82"
"MALVA, CRIX N",SALES,DEVELOPER,"$104,046.71"
"PAULINA, BURNETT F",DESIGN,SENIOR CONSULTANT,"$90,157.85"
"GRANTHEM, VOLK A",PRODUCTION,TEAM LEADER,"$73,138.94"
"GRISWOLD, ASSEL R",PRODUCTION,PYTHON DEVELOPER,"$86,191.70"
"VICKY, DICKONS N",LOGISTICS,SALES ANALYST,"$83,530.87"
"RAIMUNDO, VAN MERWE E",SALES,SALES ANALYST,"$77,119.06"
"ISABEL, MARIOTTE H",SALES,DATA ANALYST,"$76,642.75"
"SAYRES, KETCHEN W",PROCUREMENT,JUNIOR MANAGER,"$86,159.44"
"EWELL, PFAFF P",ACCOUNTS,SENIOR MANAGER,"$83,725.57"
"KELLEY, SPRAGGS F",PRODUCTION,SALES ANALYST,"$117,727.82"
"PHILIP, BRAYBROOKES T",ACCOUNTS,DIRECTOR,"$95,713.18"
"MATELDA, STREATFEILD N",DESIGN,SENIOR DIRECTOR,"$67,883.28"
"TOMI, BERNARDO B",MARKETING,DIRECTOR,"$114,667.91"
"SHERI, HENRION N",DESIGN,WEB DESIGNER,"$85,439.57"
"DELANEY, GROSS R",SALES,PYTHON DEVELOPER,"$113,495.33"
"GORDON, FOUNTAINE D",DESIGN,PYTHON DEVELOPER,"$118,292.36"
"THORPE, CAW A",PRODUCTION,SENIOR CONSULTANT,"$85,718.44"
"REBBECCA, O'DOHERTY A",PROCUREMENT,SENIOR DIRECTOR,"$115,524.97"
"LICHA, BARFORD I",LOGISTICS,SENIOR CONSULTANT,"$88,601.80"
"GUGLIELMA, GRIMESTONE D",FINANCE,CONSULTANT,"$105,698.29"
"DAISEY, KLEIS S",DESIGN,MANAGER,"$82,347.38"
"KASEY, BROOKZIE B",LOGISTICS,WEB DESIGNER,"$78,372.55"
"MADDY, PERKINSON L",FINANCE,SENIOR DIRECTOR,"$74,188.23"
"NIKE, NEILANDS M",FINANCE,JUNIOR MANAGER,"$111,356.89"
"MARRIS, EAM J",LOGISTICS,ADMIN OFFICER,"$43,987.00"
"HEATH, KONRAD R",MARKETING,TEAM LEADER,"$92,581.23"
"MICHALE, WERNDLEY E",FINANCE,DIRECTOR,"$110,582.23"
"LINNET, ADRAIN W",PROCUREMENT,SENIOR DIRECTOR,"$118,655.62"
"MARCELA, CHALKER W",PRODUCTION,PYTHON DEVELOPER,"$104,467.60"
"TADEAS, BROWNSWORTH S",FINANCE,DIRECTOR,"$109,652.90"
"ANGELO, LIVEZLEY V",LOGISTICS,ADMIN OFFICER,"$43,194.00"
"DELCINA, BARNS J",HUMAN RESOURCES,PYTHON DEVELOPER,"$97,997.52"
"SHELA, BARRIBAL J",LOGISTICS,SENIOR CONSULTANT,"$118,744.12"
"MATT, MAJURY T",SALES,CONSULTANT,"$81,148.27"
"KURT, AINGE J",PRODUCTION,SENIOR MANAGER,"$84,163.23"
"ADRIENNE, WILCINSKIS I",MARKETING,DATA ANALYST,"$100,742.79"
"KARRAH, POLKINHORN V",SALES,ADMIN OFFICER,"$39,642.00"
"GRANGE, PASKE R",PROCUREMENT,SENIOR MANAGER,"$90,341.99"
"HAMEL, PHELIPS M",FINANCE,MANAGER,"$73,149.96"
"REIKO, SCARRISBRICK J",PROCUREMENT,ADMIN OFFICER,"$42,155.00"
"ELINORE, POWTER E",FINANCE,MANAGER,"$84,889.17"
"LEELAND, DEEMAN A",DESIGN,CONSULTANT,"$65,195.54"
"EBONY, SKYPP V",SALES,SENIOR MANAGER,"$78,093.26"
"VIRGE, TEMPLETON D",DESIGN,ADMIN OFFICER,"$41,251.00"
"AIDAN, POOLEY E",MARKETING,DEVELOPER,"$100,239.76"
"LINCOLN, HORWELL V",FINANCE,JUNIOR MANAGER,"$91,183.99"
"RAIMUNDO, ANTONIONI M",DESIGN,DIRECTOR,"$109,699.61"
"CHRISTIE, EFFNERT H",ACCOUNTS,PYTHON DEVELOPER,"$105,582.71"
"ALFONS, RAGBORNE S",ACCOUNTS,WEB DESIGNER,"$87,050.38"
"GAYLE, DEWI S",DESIGN,DIRECTOR,"$77,627.00"
"LARINE, BOTTONER H",SALES,PYTHON DEVELOPER,"$69,519.67"
"RONNICA, PHILPOTT O",PROCUREMENT,SENIOR CONSULTANT,"$73,066.60"
"DEEANNE, ABELL E",FINANCE,SENIOR MANAGER,"$84,900.31"
"TIMMY, WEIGH D",PROCUREMENT,PYTHON DEVELOPER,"$86,498.97"
"AFTON, EDON E",SALES,DIRECTOR,"$93,000.00"
"SADA, WILDASH G",LOGISTICS,DEVELOPER,"$113,217.88"
"GOLDIA, GUERREAU B",HUMAN RESOURCES,WEB DESIGNER,"$101,681.05"
"NATHANIL, TAYLOT C",ACCOUNTS,WEB DESIGNER,"$75,644.39"
"BENNETT, ELDERED M",LOGISTICS,JUNIOR MANAGER,"$69,566.50"
"MELLONEY, MOSEDILL C",DESIGN,JUNIOR MANAGER,"$116,891.36"
"MARNI, POUNDSFORD G",HUMAN RESOURCES,TEAM LEADER,"$89,781.86"
"ADAN, MCELROY T",LOGISTICS,MANAGER,"$73,749.84"
"STERN, MCLACHLAN T",SALES,ADMIN OFFICER,"$39,995.00"
"INGAMAR, PEEALESS F",PROCUREMENT,SENIOR MANAGER,"$67,820.62"
"MOORE, FISHE R",HUMAN RESOURCES,SENIOR MANAGER,"$72,142.66"
"AGNESE, BLOY D",MARKETING,CONSULTANT,"$111,255.39"
"WARING, DWYER T",LOGISTICS,ADMIN OFFICER,"$38,940.00"
"ADOLPHUS, CADDIE I",FINANCE,TEAM LEADER,"$97,551.47"
"CORBIN, ROPKINS W",LOGISTICS,PYTHON DEVELOPER,"$91,790.70"
"STEVIE, ELIX V",PRODUCTION,PYTHON DEVELOPER,"$90,890.88"
"RANDEE, POOK I",DESIGN,MANAGER,"$95,839.27"
"MORRY, TAYLER E",DESIGN,SENIOR MANAGER,"$112,973.39"
"CONN, POSTLE P",PRODUCTION,PYTHON DEVELOPER,"$119,708.54"
"RENELLE, MOYLAN O",PRODUCTION,DIRECTOR,"$93,000.00"
"SASHENKA, JUSCHKA B",DESIGN,PYTHON DEVELOPER,"$88,405.90"
"ORALLA, CLITSOME V",PROCUREMENT,WEB DESIGNER,"$97,041.71"
"SUZETTE, VANNOZZII P",MARKETING,WEB DESIGNER,"$90,332.42"
"BRIDE, BUCKNILL S",ACCOUNTS,DEVELOPER,"$69,479.30"
"LEONE, HUSBANDS I",PROCUREMENT,SALES ANALYST,"$77,468.77"
"KYLIE, KINDALL G",SALES,CONSULTANT,"$101,488.42"
"JOLINE, BRIDE S",PRODUCTION,ADMIN OFFICER,"$42,059.00"
"RUTHI, CRAXFORD R",FINANCE,SENIOR MANAGER,"$73,945.50"
"JEANELLE, BOOLE V",MARKETING,DEVELOPER,"$75,788.65"
"GENE, HOUNDSON F",DESIGN,MANAGER,"$83,083.60"
"VIN, DUMELOW P",PRODUCTION,PYTHON DEVELOPER,"$74,020.36"
"CARLIN, FONTEL I",MARKETING,DATA ANALYST,"$60,167.34"
"GOTTFRIED, GUAGE T",SALES,DIRECTOR,"$87,749.96"
"RODA, JORON T",PRODUCTION,SENIOR CONSULTANT,"$111,999.18"
"ADLAI, SNEYD G",LOGISTICS,TEAM LEADER,"$91,653.49"
"AVE, TUVEY G",MARKETING,MANAGER,"$103,936.81"
"PADGET, MICHELET D",FINANCE,DEVELOPER,"$119,915.35"
"BONDON, PURRINGTON V",ACCOUNTS,DATA ANALYST,"$85,152.14"
"AMIE, BELLRINGER E",DESIGN,DEVELOPER,"$114,191.37"
"STAVROS, WEEDEN O",LOGISTICS,SENIOR CONSULTANT,"$81,805.99"
"BESSIE, BRIMBLE T",DESIGN,JUNIOR MANAGER,"$79,330.92"
"DIENA, GOSELING P",FINANCE,SENIOR MANAGER,"$105,701.19"
"URSULINE, CHANTER S",PRODUCTION,DIRECTOR,"$89,416.36"
"LUDWIG, BRANDLE D",DESIGN,DATA ANALYST,"$65,154.00"
"CADDRIC, QUINELL T",PROCUREMENT,PYTHON DEVELOPER,"$73,768.18"
"OZZIE, RANNIE A",HUMAN RESOURCES,PYTHON DEVELOPER,"$84,803.25"
"ARVY, FARQUHAR O",SALES,MANAGER,"$99,529.07"
"OLYMPIE, POVEY F",FINANCE,TEAM LEADER,"$91,586.52"
"BRITTNI, MOTTINELLI G",HUMAN RESOURCES,SENIOR DIRECTOR,"$115,352.56"
"ROXANNE, WASTELL R",HUMAN RESOURCES,DATA ANALYST,"$113,225.08"
"KEITH, REDD F",PRODUCTION,CONSULTANT,"$81,044.78"
"THOMASIN, GATMAN G",MARKETING,PYTHON DEVELOPER,"$115,847.07"
"DAWNA, VICKER M",SALES,JUNIOR MANAGER,"$71,404.20"
"UGO, SPRAY F",ACCOUNTS,SENIOR DIRECTOR,"$89,402.15"
"JANIFER, HAYESMAN O",PRODUCTION,SENIOR CONSULTANT,"$89,357.38"
"CHER, DUDHILL O",MARKETING,ADMIN OFFICER,"$38,188.00"
"CLETIS, BOTTELSTONE V",ACCOUNTS,SENIOR MANAGER,"$67,833.40"
"LINOEL, MATTIACCI D",PROCUREMENT,DATA ANALYST,"$119,398.44"
"ERROL, ASPEY S",HUMAN RESOURCES,WEB DESIGNER,"$87,668.26"
"EMILEE, ERIE I",LOGISTICS,WEB DESIGNER,"$92,568.67"
"EYDE, SCAMPION S",DESIGN,ADMIN OFFICER,"$41,302.00"
"GRADEIGH, MULCAHY D",MARKETING,WEB DESIGNER,"$103,139.67"
"GISELLE, STEPHENSON D",MARKETING,CONSULTANT,"$116,495.36"
"LUCILA, FORRESTILL W",HUMAN RESOURCES,DEVELOPER,"$71,482.77"
"IMOGENE, HRYNIEWICZ W",ACCOUNTS,SENIOR CONSULTANT,"$96,403.28"
"JULIO, DERRICOAT M",ACCOUNTS,ADMIN OFFICER,"$41,222.00"
"ISABEAU, CORTHES E",PROCUREMENT,SALES ANALYST,"$72,469.62"
"INGER, POLLAND I",LOGISTICS,SENIOR MANAGER,"$102,544.00"
"NOAM, PETTS T",PROCUREMENT,SENIOR CONSULTANT,"$61,738.91"
"HARRISON, DE ORTEGA H",FINANCE,PYTHON DEVELOPER,"$75,725.24"
"EMELDA, HUNDELL T",PROCUREMENT,SALES ANALYST,"$119,142.63"
"KAHLIL, MUNNINGS V",FINANCE,DATA ANALYST,"$100,312.47"
"LYNDSAY, ANTONOPOULOS S",FINANCE,SENIOR CONSULTANT,"$89,972.69"
"ALENE, HOWSAM E",HUMAN RESOURCES,SENIOR CONSULTANT,"$86,842.86"
"WASHINGTON, WIMMS B",FINANCE,SALES ANALYST,"$98,887.09"
"LYN, COLDTART R",HUMAN RESOURCES,DATA ANALYST,"$117,776.76"
"AVERY, BERRECLOTH J",SALES,JUNIOR MANAGER,"$103,861.06"
"BALDUIN, L'HOMME M",PROCUREMENT,SENIOR DIRECTOR,"$97,274.12"
"MALINA, YAKOBOVICZ R",PRODUCTION,TEAM LEADER,"$65,265.97"
"RUSSELL, DENIDGE T",MARKETING,DEVELOPER,"$76,286.67"
"EVERED, LATTA C",FINANCE,ADMIN OFFICER,"$39,873.00"
"ALFI, HANDRAHAN P",DESIGN,SALES ANALYST,"$83,315.06"
"DAL, BATECOK E",FINANCE,DATA ANALYST,"$105,693.78"
"LYNDSIE, TABRAM P",DESIGN,DEVELOPER,"$80,174.10"
"BRANTLEY, PELLEW B",FINANCE,DATA ANALYST,"$102,119.25"
"TANIA, MCINNES R",PRODUCTION,DATA ANALYST,"$89,194.87"
"ADRIAN, BOTTRILL B",FINANCE,SENIOR DIRECTOR,"$93,324.72"
"ONEIDA, HEATER V",FINANCE,PYTHON DEVELOPER,"$72,657.20"
"SOPHEY, MILLMORE T",HUMAN RESOURCES,PYTHON DEVELOPER,"$92,707.28"
"BASILE, MCNEILL N",PROCUREMENT,JUNIOR MANAGER,"$119,022.23"
"GODFRY, CRAWSHAW E",ACCOUNTS,MANAGER,"$98,781.18"
"GAR, VLASENKO I",LOGISTICS,ADMIN OFFICER,"$39,955.00"
"GEORG, LOBB B",HUMAN RESOURCES,DIRECTOR,"$81,626.98"
"ANCELL, KUNISCH L",SALES,PYTHON DEVELOPER,"$115,741.16"
"GIBB, GIOVANNINI D",FINANCE,MANAGER,"$86,362.45"
"DINNIE, KIDSTON F",PROCUREMENT,SALES ANALYST,"$109,025.59"
"AD, RUGG D",HUMAN RESOURCES,SENIOR DIRECTOR,"$74,610.09"
"RRIOCARD, KHOMISHIN B",MARKETING,MANAGER,"$68,888.90"
"CLINT, SHEEHAN E",DESIGN,PYTHON DEVELOPER,"$62,308.71"
"ASA, BANES H",DESIGN,TEAM LEADER,"$119,674.12"
"AX, BRISLEN G",PROCUREMENT,WEB DESIGNER,"$79,468.55"
"SCHUYLER, MATTOCK O",DESIGN,PYTHON DEVELOPER,"$114,468.02"
"REBECA, FERRINI B",HUMAN RESOURCES,WEB DESIGNER,"$108,382.49"
"CELESTINE, COGGIN F",ACCOUNTS,SENIOR MANAGER,"$67,464.12"
"IGNAZIO, O'CANAVAN G",HUMAN RESOURCES,SENIOR CONSULTANT,"$107,934.49"
"JERAMIE, VERRICK P",HUMAN RESOURCES,PYTHON DEVELOPER,"$87,728.61"
"MICHAEL, GRESTYE G",SALES,DIRECTOR,"$112,311.34"
"AGNA, CARTLIDGE M",PRODUCTION,JUNIOR MANAGER,"$78,661.07"
"ELLETTE, BLEST D",FINANCE,SALES ANALYST,"$82,926.01"
"ERNESTUS, SYMSON G",ACCOUNTS,MANAGER,"$119,330.97"
"LIANE, REDFEARN W",LOGISTICS,TEAM LEADER,"$73,777.20"
"ERIC, GOULSTONE W",MARKETING,CONSULTANT,"$87,283.35"
"GERMAINE, NERN L",SALES,DEVELOPER,"$95,862.23"
"KYLIE, HUTCHASON A",SALES,JUNIOR MANAGER,"$70,940.34"
"DAVIDDE, PIDEON E",FINANCE,ADMIN OFFICER,"$40,232.00"
"LOWE, DE ANESY S",HUMAN RESOURCES,MANAGER,"$68,015.37"
"STARLA, O'CULLINANE M",MARKETING,DIRECTOR,"$61,372.04"
"MICHAIL, INDERWICK V",PRODUCTION,SENIOR DIRECTOR,"$66,562.94"
"BELLANCA, PAVOLINI V",PROCUREMENT,CONSULTANT,"$95,523.46"
"BONNIBELLE, MCART G",SALES,DIRECTOR,"$105,658.88"
"DARCY, PETERFFY A",ACCOUNTS,DATA ANALYST,"$83,613.92"
"WEIDAR, GASCONE M",FINANCE,PYTHON DEVELOPER,"$76,553.05"
"REBEKKAH, YAKUNIN N",FINANCE,SENIOR DIRECTOR,"$87,133.66"
"ERMINA, GRITSKOV H",ACCOUNTS,ADMIN OFFICER,"$39,739.00"
"KELVIN, ABRAHM G",MARKETING,CONSULTANT,"$100,484.27"
"RHETT, GORACCI J",FINANCE,PYTHON DEVELOPER,"$114,239.55"
"GRANTHEM, DUDMARSH E",MARKETING,MANAGER,"$87,674.94"
"DI, SUTTERBY C",PROCUREMENT,DATA ANALYST,"$106,690.31"
"KAREE, DOMESDAY D",DESIGN,JUNIOR MANAGER,"$65,114.88"
"DIENA, MACGRAITH N",HUMAN RESOURCES,JUNIOR MANAGER,"$105,392.15"
"CHES, TEGGIN I",PROCUREMENT,CONSULTANT,"$75,167.98"
"PAULIE, LETCH P",HUMAN RESOURCES,ADMIN OFFICER,"$42,345.00"
"LESLEY, MCANDIE H",LOGISTICS,MANAGER,"$98,299.26"
"LOUELLA, MUFFETT I",FINANCE,MANAGER,"$81,846.13"
"JUSTUS, GRONOUS O",MARKETING,DEVELOPER,"$67,517.25"
"ABIE, CASALI D",MARKETING,DEVELOPER,"$70,716.39"
"SONNI, BRANSBY I",DESIGN,SENIOR MANAGER,"$88,593.12"
"PERLE, HAYLLER P",SALES,CONSULTANT,"$70,135.74"
"MORSE, BURTON O",FINANCE,DIRECTOR,"$64,438.96"
"ALLIE, FABLER G",PROCUREMENT,WEB DESIGNER,"$113,585.72"
"MORITZ, PETRILLO A",PRODUCTION,DIRECTOR,"$65,688.76"
"STEPHANA, IVASHCHENKO P",MARKETING,PYTHON DEVELOPER,"$82,121.23"
"IORMINA, SHEEKEY O",FINANCE,MANAGER,"$84,821.79"
"ROBB, HURRELL F",LOGISTICS,PYTHON DEVELOPER,"$75,799.05"
"ARCHIBOLD, DARCY N",MARKETING,SALES ANALYST,"$99,200.59"
"ELVA, LAVERENZ S",FINANCE,WEB DESIGNER,"$87,589.76"
"GALE, GAYFORTH L",PROCUREMENT,PYTHON DEVELOPER,"$108,007.06"
"CORY, DAWKINS E",SALES,DATA ANALYST,"$72,828.78"
"CLAUDIUS, YGOE D",PRODUCTION,SENIOR CONSULTANT,"$84,588.73"
"ALIX, SORBEY W",PROCUREMENT,PYTHON DEVELOPER,"$92,901.77"
"NOEL, AHREN I",PRODUCTION,CONSULTANT,"$72,244.35"
"GEORGI, DERBYSHIRE C",DESIGN,JUNIOR MANAGER,"$88,429.03"
"GEORGIANNA, READMIRE C",SALES,CONSULTANT,"$117,557.12"
"JUSTINE, O'DONOGHUE D",LOGISTICS,CONSULTANT,"$61,680.25"
"SILVIO, DANNIEL B",LOGISTICS,PYTHON DEVELOPER,"$77,250.33"
"COSTANZA, WORTS P",ACCOUNTS,MANAGER,"$105,669.18"
"ADELINE, TOURRY C",DESIGN,TEAM LEADER,"$111,095.46"
"JOELLE, JATCZAK V",DESIGN,JUNIOR MANAGER,"$101,444.11"
"PERCY, HENRIE E",SALES,ADMIN OFFICER,"$39,717.00"
"BRYAN, ODAM F",LOGISTICS,SENIOR MANAGER,"$99,224.60"
"PAMELINA, HAPPS H",FINANCE,SALES ANALYST,"$90,474.46"
"JODIE, WING T",ACCOUNTS,TEAM LEADER,"$113,673.13"
"RANEE, GANICLEF M",DESIGN,JUNIOR MANAGER,"$96,331.60"
"KIRBIE, WALKLATE A",PRODUCTION,JUNIOR MANAGER,"$93,125.67"
"NANETE, FLIPPEN P",PRODUCTION,MANAGER,"$114,110.55"
"GWENDOLEN, HARGEY T",MARKETING,WEB DESIGNER,"$93,187.46"
"MEREDITH, BRIATT V",FINANCE,TEAM LEADER,"$70,079.54"
"ASHELY, CICCHELLI J",MARKETING,CONSULTANT,"$112,221.79"
"KENNETT, MCMURTY D",MARKETING,CONSULTANT,"$105,903.27"
"GASPARD, HELLEWELL B",PRODUCTION,WEB DESIGNER,"$90,171.73"
"GERICK, MURGATROYD M",DESIGN,SALES ANALYST,"$80,204.32"
"VAL, HENZE O",MARKETING,DATA ANALYST,"$92,527.67"
"NATTY, ANSTIE I",ACCOUNTS,SENIOR CONSULTANT,"$99,986.74"
"BINK, NEWTON I",SALES,CONSULTANT,"$101,320.39"
"COSTA, COKE G",MARKETING,TEAM LEADER,"$99,795.54"
"LYDIE, SHERRATT B",LOGISTICS,PYTHON DEVELOPER,"$72,202.10"
"BRANNON, HEIGHWAY V",FINANCE,SENIOR CONSULTANT,"$85,912.36"
"SIMONE, OSANT T",PRODUCTION,DEVELOPER,"$80,982.38"
"MIRABELLA, LOMIS M",FINANCE,DEVELOPER,"$107,437.33"
"KARALYNN, TREVENA M",PROCUREMENT,DATA ANALYST,"$67,658.14"
"ANYA, DAYMOND J",LOGISTICS,SENIOR CONSULTANT,"$89,457.96"
"CHICK, AULDS G",LOGISTICS,DATA ANALYST,"$94,222.85"
"ROCKIE, BEINCKEN J",FINANCE,ADMIN OFFICER,"$39,598.00"
"AUDIE, DUN E",PROCUREMENT,PYTHON DEVELOPER,"$86,696.96"
"KELLINA, KOPPENS E",SALES,DEVELOPER,"$76,366.53"
"OLIA, ALEKSANKIN H",LOGISTICS,SALES ANALYST,"$103,455.61"
"MARIE-ANN, STANNERS I",SALES,MANAGER,"$81,496.48"
"SHEFF, MARGERAM O",ACCOUNTS,TEAM LEADER,"$115,671.11"
"XIMENEZ, HALDENBY C",FINANCE,SALES ANALYST,"$119,673.19"
"ANATOLLO, THESEIRA L",HUMAN RESOURCES,SALES ANALYST,"$90,000.14"
"KAROLY, REDDECLIFFE N",ACCOUNTS,ADMIN OFFICER,"$41,036.00"
"ISADORE, GERNER E",PROCUREMENT,DIRECTOR,"$76,828.93"
"DAWN, HAME N",MARKETING,SALES ANALYST,"$118,005.47"
"HYMIE, GARLAND T",MARKETING,TEAM LEADER,"$75,849.28"
"JASUN, MACWHAN I",PROCUREMENT,WEB DESIGNER,"$77,356.09"
"MARSIELLA, NETTLE J",DESIGN,SALES ANALYST,"$94,273.19"
"IVONNE, PYRKE C",PROCUREMENT,DIRECTOR,"$106,867.82"
"MEREDITH, DRAYCOTT A",LOGISTICS,CONSULTANT,"$112,336.86"
"EZMERALDA, SPEARE R",PROCUREMENT,PYTHON DEVELOPER,"$79,081.51"
"WEIDAR, GUTOWSKA V",LOGISTICS,DEVELOPER,"$109,208.75"
"FINDLEY, RISBOROUGH N",PRODUCTION,CONSULTANT,"$103,389.35"
"IDELL, DURAK V",DESIGN,DATA ANALYST,"$71,990.61"
"LOVELL, DE BIASI T",ACCOUNTS,SALES ANALYST,"$70,802.55"
"WAITE, BULGEN L",ACCOUNTS,JUNIOR MANAGER,"$75,211.84"
"CAMEY, WHEOWALL D",LOGISTICS,JUNIOR MANAGER,"$101,142.20"
"GAYELORD, ARNOWICZ G",MARKETING,ADMIN OFFICER,"$40,774.00"
"LATASHIA, LUSCOTT P",HUMAN RESOURCES,DIRECTOR,"$76,613.68"
"DARNALL, COTTINGHAM P",ACCOUNTS,CONSULTANT,"$94,382.28"
"JEFFY, GROCUTT R",LOGISTICS,CONSULTANT,"$105,933.75"
"JACKELYN, TREMBLEY V",ACCOUNTS,DIRECTOR,"$107,687.18"
"CARROL, SIGARS T",PROCUREMENT,TEAM LEADER,"$110,207.36"
"DI, GILLYETT H",SALES,DATA ANALYST,"$90,951.86"
"KERWINN, MCGOVERN W",MARKETING,ADMIN OFFICER,"$41,093.00"
"ERNY, BUNSTON T",MARKETING,JUNIOR MANAGER,"$65,960.13"
"KAYLEY, LABBET F",PRODUCTION,WEB DESIGNER,"$72,768.56"
"HAZLETT, O'CREVAN L",PRODUCTION,SENIOR DIRECTOR,"$90,319.08"
"BUCKY, TOMAS M",HUMAN RESOURCES,PYTHON DEVELOPER,"$83,187.69"
"DANNY, MACSPORRAN F",HUMAN RESOURCES,DATA ANALYST,"$91,626.19"
"JACKLIN, DEMELT C",LOGISTICS,TEAM LEADER,"$117,715.09"
"HAYLEY, BURKITT H",PRODUCTION,WEB DESIGNER,"$74,273.79"
"CHEN, EDGECUMBE P",DESIGN,DEVELOPER,"$115,713.89"
"XENIA, MEWIS M",SALES,SALES ANALYST,"$119,099.92"
"TREMAINE, ARNOT L",SALES,JUNIOR MANAGER,"$118,222.85"
"CARIOTTA, POLLAND O",FINANCE,DEVELOPER,"$117,226.43"
"TOMASO, FILLIMORE C",LOGISTICS,DATA ANALYST,"$62,139.30"
"CHARIL, CRACKNELL D",PRODUCTION,SENIOR MANAGER,"$102,124.37"
"RAFFERTY, SPELWOOD L",HUMAN RESOURCES,SENIOR DIRECTOR,"$90,855.57"
"TADDEUSZ, O'MURTAGH H",HUMAN RESOURCES,SALES ANALYST,"$69,238.86"
"OBED, DUDDING A",FINANCE,MANAGER,"$115,881.00"
"CELINE, FARRON O",SALES,WEB DESIGNER,"$76,980.70"
"MINNA, MEBIUS J",LOGISTICS,DIRECTOR,"$97,653.93"
"FRANCESCA, KOBIERIECKI V",LOGISTICS,DEVELOPER,"$65,895.42"
"KERBY, JONKE L",PROCUREMENT,TEAM LEADER,"$84,110.89"
"FERDIE, RAMBAUT N",PRODUCTION,SENIOR DIRECTOR,"$71,801.82"
"FRANCISKUS, TEEK A",SALES,SALES ANALYST,"$100,249.80"
"GLENDEN, SIRMAN G",SALES,SENIOR MANAGER,"$98,659.81"
"BRANDY, LONGINA I",PRODUCTION,DEVELOPER,"$102,466.87"
"SHAE, RIVE R",PRODUCTION,TEAM LEADER,"$75,661.78"
"BARRI, WIMP N",ACCOUNTS,TEAM LEADER,"$70,708.60"
"ODELL, HINCHSHAW E",SALES,PYTHON DEVELOPER,"$115,833.68"
"GRAM, FLINTOFT A",DESIGN,ADMIN OFFICER,"$40,976.00"
"BLAIR, ECOB N",PRODUCTION,SALES ANALYST,"$113,444.08"
"TORR, BELDAM F",ACCOUNTS,DEVELOPER,"$69,147.75"
"TED, ROSCOE J",SALES,TEAM LEADER,"$71,873.63"
"MERNA, FIRMAN C",SALES,JUNIOR MANAGER,"$79,052.52"
"KARON, STUTTARD T",PROCUREMENT,PYTHON DEVELOPER,"$98,222.54"
"OREN, DIGBY V",LOGISTICS,SALES ANALYST,"$97,142.64"
"SWEN, MUAT H",MARKETING,DEVELOPER,"$96,803.54"
"LANE, NORTHLEY M",SALES,PYTHON DEVELOPER,"$96,816.65"
"CARMA, THALLER W",ACCOUNTS,WEB DESIGNER,"$111,773.39"
"NETTY, STOFFLER O",LOGISTICS,JUNIOR MANAGER,"$111,808.83"
"GABI, CREGG W",DESIGN,ADMIN OFFICER,"$41,006.00"
"ROWLAND, DYBALL F",FINANCE,DATA ANALYST,"$93,478.33"
"CARO, BIASIO O",DESIGN,JUNIOR MANAGER,"$118,937.12"
"ADORNE, OLDACRE J",ACCOUNTS,TEAM LEADER,"$106,867.93"
"WHITTAKER, WILLIMENT B",HUMAN RESOURCES,JUNIOR MANAGER,"$92,254.99"
"TORRANCE, EDNEY P",FINANCE,SALES ANALYST,"$106,549.52"
"MARISKA, LEATHLEY O",HUMAN RESOURCES,MANAGER,"$115,267.73"
"PERLA, BROSE L",MARKETING,DEVELOPER,"$70,506.13"
"SISSIE, MCCOMAS V",LOGISTICS,DEVELOPER,"$69,580.69"
"CRISTIONNA, PLESING A",FINANCE,SENIOR CONSULTANT,"$118,845.08"
"VERONIKA, REEME C",ACCOUNTS,CONSULTANT,"$91,670.39"
"BAIL, PINCHBECK P",SALES,JUNIOR MANAGER,"$62,977.14"
"SLY, RIDEN R",DESIGN,WEB DESIGNER,"$118,185.50"
"PETRINA, TUMIELLI R",PROCUREMENT,JUNIOR MANAGER,"$110,761.60"
"BARBETTE, LATES B",ACCOUNTS,ADMIN OFFICER,"$37,778.00"
"GRETHEL, MENENDES J",FINANCE,SENIOR MANAGER,"$88,701.24"
"SERGEANT, GIPP F",DESIGN,TEAM LEADER,"$60,510.42"
"CHERYL, FRANTZENI C",MARKETING,TEAM LEADER,"$78,517.30"
"CONSTANTIN, MEWETT C",PROCUREMENT,CONSULTANT,"$90,990.12"
"ROBY, BALLSDON R",ACCOUNTS,DEVELOPER,"$65,801.13"
"DAVIDDE, KUBATSCH F",LOGISTICS,TEAM LEADER,"$112,114.37"
"MARGARETHA, VOWELS G",PRODUCTION,WEB DESIGNER,"$71,868.22"
"LIVA, MCGINNELL E",LOGISTICS,DIRECTOR,"$76,257.71"
"VIOLETTA, BREAD S",HUMAN RESOURCES,ADMIN OFFICER,"$40,704.00"
"ADELBERT, SHEPHERD E",FINANCE,MANAGER,"$65,267.87"
"SHELDEN, WHIFEN H",PRODUCTION,SENIOR DIRECTOR,"$95,232.85"
"KI, GEORGEOU J",PRODUCTION,TEAM LEADER,"$65,287.09"
"LOU, MULLINEUX R",DESIGN,DATA ANALYST,"$71,797.22"
"DREDDY, LEHMANN L",SALES,PYTHON DEVELOPER,"$81,404.42"
"CHERE, KEYTE A",MARKETING,TEAM LEADER,"$98,650.09"
"KEAN, HABERFIELD A",SALES,SENIOR MANAGER,"$75,531.60"
"FILBERTE, COWLAND P",FINANCE,SENIOR CONSULTANT,"$73,169.30"
"MY, GIRAL G",ACCOUNTS,DIRECTOR,"$68,321.34"
"NOELLE, DUNTHORN M",SALES,DIRECTOR,"$104,751.63"
"KLAUS, KIERA S",PRODUCTION,CONSULTANT,"$77,984.35"
"ELEONORE, COLLYER C",ACCOUNTS,CONSULTANT,"$74,740.17"
"OTHELIA, HAILWOOD O",HUMAN RESOURCES,WEB DESIGNER,"$89,654.19"
"CHERISH, GERISH S",LOGISTICS,SALES ANALYST,"$90,899.75"
"JAMIE, EUSDEN B",ACCOUNTS,SALES ANALYST,"$90,950.00"
"AKIM, FREDSON J",LOGISTICS,SALES ANALYST,"$99,006.52"
"MICHEAL, JUSZKIEWICZ N",MARKETING,SENIOR MANAGER,"$93,993.13"
"BIANKA, BOURTHOUMIEUX R",FINANCE,WEB DESIGNER,"$79,984.59"
"KONSTANTIN, ASHMOLE V",FINANCE,PYTHON DEVELOPER,"$104,882.47"
"ANASTASSIA, HEDDITEH C",MARKETING,CONSULTANT,"$87,524.93"
"ALPHARD, RENN I",PRODUCTION,MANAGER,"$73,586.98"
"CARREE, DEEVEY H",SALES,WEB DESIGNER,"$70,964.80"
"LINC, BARGERY O",LOGISTICS,MANAGER,"$74,005.94"
"LEONERD, GAIZE L",PRODUCTION,SENIOR MANAGER,"$111,881.17"
"CHRISTIN, HELLIN R",MARKETING,DEVELOPER,"$79,026.33"
"ROBINA, BRAISTED J",ACCOUNTS,DATA ANALYST,"$99,713.58"
"ERSKINE, CRAGHEAD V",FINANCE,DATA ANALYST,"$60,282.39"
"TOMI, MANDELL R",SALES,CONSULTANT,"$87,242.17"
"ROLLINS, VASQUEZ V",LOGISTICS,TEAM LEADER,"$116,528.24"
"MADDIE, FAIR S",MARKETING,JUNIOR MANAGER,"$77,347.79"
"WOLF, CHURCHMAN N",PROCUREMENT,JUNIOR MANAGER,"$73,861.22"
"DAISEY, MC COMB J",FINANCE,SENIOR DIRECTOR,"$63,408.82"
"LILIA, SANTI W",FINANCE,SENIOR CONSULTANT,"$83,704.01"
"TERRANCE, BODYCOMBE A",SALES,MANAGER,"$70,518.62"
"ALLARD, TIZZARD W",HUMAN RESOURCES,MANAGER,"$100,231.59"
"ZEB, SORRELL C",HUMAN RESOURCES,TEAM LEADER,"$77,390.83"
"SHOSHANNA, BERREY L",MARKETING,WEB DESIGNER,"$69,488.17"
"ELWYN, PUDDEN R",PROCUREMENT,DEVELOPER,"$83,679.70"
"DRUCY, PURRINGTON J",ACCOUNTS,DEVELOPER,"$106,099.38"
"SANDIE, AMSBERGER S",LOGISTICS,SENIOR DIRECTOR,"$71,988.32"
"BATHSHEBA, MCHAN C",MARKETING,PYTHON DEVELOPER,"$90,749.65"
"MEROLA, O'HDIRSCOLL J",DESIGN,ADMIN OFFICER,"$38,738.00"
"SVEND, AUTRY I",ACCOUNTS,WEB DESIGNER,"$104,654.97"
"PHILIPPE, RADNEDGE R",ACCOUNTS,DIRECTOR,"$111,805.48"
"ADELA, LASHMORE H",PRODUCTION,MANAGER,"$109,352.53"
"GRAN, JAIN D",HUMAN RESOURCES,MANAGER,"$88,609.99"
"ELVIRA, SPRIDGEN W",ACCOUNTS,WEB DESIGNER,"$100,100.86"
"CATRINA, KUBEK P",HUMAN RESOURCES,TEAM LEADER,"$106,475.83"
"JANELA, KELLEDY M",ACCOUNTS,SENIOR CONSULTANT,"$82,757.09"
"TALLY, ESMEAD R",PRODUCTION,DATA ANALYST,"$107,785.81"
"MYRON, HEYNEN W",HUMAN RESOURCES,JUNIOR MANAGER,"$94,940.21"
"CATHRYN, SQUELCH W",FINANCE,SENIOR MANAGER,"$102,318.32"
"CART, KRISTOFFERSEN S",MARKETING,DATA ANALYST,"$71,690.19"
"ARLUENE, EILHERSEN F",PRODUCTION,TEAM LEADER,"$81,565.43"
"GWENETH, PYKERMAN C",PROCUREMENT,DEVELOPER,"$64,043.09"
"ETHEL, COOGAN M",MARKETING,PYTHON DEVELOPER,"$78,063.22"
"ARVIE, ROBBERECHT P",ACCOUNTS,SENIOR DIRECTOR,"$113,524.18"
"DEVIN, KLIMEK M",ACCOUNTS,ADMIN OFFICER,"$43,760.00"
"AMBER, SCOTHORNE M",FINANCE,DIRECTOR,"$107,660.04"
"CORTIE, MCGANN A",PRODUCTION,JUNIOR MANAGER,"$107,221.36"
"ERASTUS, PAYBODY A",DESIGN,ADMIN OFFICER,"$43,645.00"
"NETTA, ROGER L",FINANCE,TEAM LEADER,"$86,198.35"
"MASHA, BEETLES P",FINANCE,SALES ANALYST,"$72,357.00"
"LORI, NELTHROP S",FINANCE,SENIOR MANAGER,"$101,883.96"
"DARRYL, FELDSTEIN E",LOGISTICS,DIRECTOR,"$100,075.49"
"LIV, JENNEY V",MARKETING,SENIOR CONSULTANT,"$69,115.56"
"HAPPY, ANDREAS S",HUMAN RESOURCES,WEB DESIGNER,"$101,847.38"
"FRANCKLIN, KAMENAR G",FINANCE,DEVELOPER,"$73,075.83"
"BRODDIE, LEDRUN I",SALES,DIRECTOR,"$77,200.85"
"CRISSY, EARNSHAW A",SALES,SENIOR DIRECTOR,"$79,383.52"
"KAROLY, DAMPNEY F",PRODUCTION,WEB DESIGNER,"$117,241.08"
"KASSEY, TRITTAM I",MARKETING,MANAGER,"$82,031.88"
"WILMAR, REDMAYNE T",PRODUCTION,SENIOR DIRECTOR,"$90,278.85"
"LORETTALORNA, BACKWELL R",SALES,TEAM LEADER,"$67,376.79"
"MERRIDIE, WILKINSON N",PRODUCTION,ADMIN OFFICER,"$40,009.00"
"ROSABELLA, TONSLEY W",PRODUCTION,SENIOR CONSULTANT,"$78,193.26"
"NILES, FENNELOW H",PRODUCTION,DEVELOPER,"$96,302.55"
"ROBBIN, DRINAN B",PROCUREMENT,SENIOR DIRECTOR,"$105,091.57"
"KERBY, O'MAHONEY L",SALES,DIRECTOR,"$109,193.90"
"GIACOBO, GUERRO W",SALES,CONSULTANT,"$92,941.86"
"MATHIAN, BONNAR R",PROCUREMENT,WEB DESIGNER,"$74,172.28"
"WINTHROP, GREER L",SALES,SALES ANALYST,"$103,002.38"
"MARCELA, BENTON V",HUMAN RESOURCES,DATA ANALYST,"$116,518.67"
"CARYL, EDINGTON F",SALES,TEAM LEADER,"$114,860.77"
"PIETRO, WALISZEWSKI P",ACCOUNTS,WEB DESIGNER,"$119,928.94"
"DARB, STOFFERS I",PRODUCTION,TEAM LEADER,"$70,945.06"
"BURCH, TROWSDALE C",SALES,DIRECTOR,"$118,207.53"
"ROSSY, ROUFF C",HUMAN RESOURCES,SENIOR MANAGER,"$91,891.66"
"JACQUES, CHAPLING G",SALES,SALES ANALYST,"$79,887.64"
"TAFFY, MICHEAU G",ACCOUNTS,ADMIN OFFICER,"$39,995.00"
"MEL, COMMIN P",LOGISTICS,JUNIOR MANAGER,"$67,202.26"
"RONNA, PROFFITT A",MARKETING,SENIOR CONSULTANT,"$66,488.08"
"BLONDY, KOLYAGIN B",HUMAN RESOURCES,ADMIN OFFICER,"$42,572.00"
"CASE, FILIPCZYNSKI C",DESIGN,PYTHON DEVELOPER,"$80,053.11"
"BLAYNE, BELFIT H",ACCOUNTS,DEVELOPER,"$117,030.98"
"GINNIFER, MACFAELL J",PRODUCTION,PYTHON DEVELOPER,"$68,438.81"
"ULRIC, BECKFORD M",MARKETING,SENIOR MANAGER,"$99,736.62"
"SHELL, BLAASE L",PRODUCTION,SALES ANALYST,"$88,621.74"
"NISSA, ATTO F",PROCUREMENT,SENIOR CONSULTANT,"$108,419.30"
"LONEE, WYNETT I",PRODUCTION,MANAGER,"$73,826.09"
"EMALEE, MACGILL T",FINANCE,DATA ANALYST,"$113,285.47"
"JARVIS, WATMORE M",ACCOUNTS,SENIOR DIRECTOR,"$110,083.43"
"LARAINE, TUNNO A",PROCUREMENT,DATA ANALYST,"$77,640.23"
"JERMAINE, EAGLESHAM M",FINANCE,SENIOR MANAGER,"$95,288.30"
"PHILLIE, REDBOURN H",PROCUREMENT,SENIOR DIRECTOR,"$92,654.56"
"MEAGAN, DENSUN R",LOGISTICS,DATA ANALYST,"$109,374.27"
"OPAL, SCULLION R",ACCOUNTS,SENIOR DIRECTOR,"$84,282.89"
"NORA, RUSLINGE R",SALES,PYTHON DEVELOPER,"$63,809.53"
"BERNY, TRUITT S",DESIGN,SALES ANALYST,"$112,448.39"
"JORGE, BROMILOW F",SALES,SALES ANALYST,"$103,448.97"
"NORRY, ROOKES G",FINANCE,SENIOR DIRECTOR,"$112,639.56"
"LAUNCE, MANILOVE J",LOGISTICS,SENIOR MANAGER,"$98,538.19"
"CORINA, LATHWELL O",MARKETING,SALES ANALYST,"$117,075.50"
"IZZY, ITHELL N",LOGISTICS,SENIOR DIRECTOR,"$111,619.70"
"CONNY, TAKLE L",PROCUREMENT,DIRECTOR,"$73,402.33"
"SCARFACE, FIDGIN S",HUMAN RESOURCES,DATA ANALYST,"$82,950.77"
"JULIE, BURDIN T",LOGISTICS,JUNIOR MANAGER,"$85,071.97"
"JANIS, DUNDON L",DESIGN,DIRECTOR,"$90,938.87"
"GEORGE, ALTI O",MARKETING,SALES ANALYST,"$60,652.70"
"HEIDIE, WALDERA V",PRODUCTION,SENIOR CONSULTANT,"$77,913.23"
"LEANOR, CAZALET H",HUMAN RESOURCES,MANAGER,"$89,269.08"
"TOWNSEND, LACELETT B",SALES,PYTHON DEVELOPER,"$66,290.34"
"WERNHER, DRAISEY J",MARKETING,SENIOR DIRECTOR,"$85,353.16"
"BARTEL, WYNE M",FINANCE,DEVELOPER,"$82,196.31"
"JUANITA, TURNOCK T",LOGISTICS,SENIOR MANAGER,"$66,554.53"
"ORELEE, TAYLOUR J",FINANCE,WEB DESIGNER,"$71,171.65"
"RODD, URCH R",PROCUREMENT,DATA ANALYST,"$60,819.09"
"TRENTON, IZAKOV I",ACCOUNTS,WEB DESIGNER,"$112,065.98"
"MORGAN, GAVEY H",DESIGN,TEAM LEADER,"$72,187.49"
"JACQUETTE, MATLEY P",ACCOUNTS,SENIOR MANAGER,"$118,506.57"
"PAMELINA, THAL A",LOGISTICS,SENIOR MANAGER,"$117,750.26"
"DUNCAN, STREATFEILD D",DESIGN,SENIOR CONSULTANT,"$89,061.43"
"ELDRIDGE, STALF E",PROCUREMENT,DEVELOPER,"$104,589.68"
"TANHYA, CRUMP G",PROCUREMENT,DIRECTOR,"$67,079.47"
"GERTY, ENSER E",PROCUREMENT,WEB DESIGNER,"$119,084.49"
"LAWRY, BRADFIELD C",PROCUREMENT,MANAGER,"$95,314.85"
"BERTY, POLLARD P",DESIGN,JUNIOR MANAGER,"$81,526.83"
"NIALL, ROFFEY O",PROCUREMENT,SALES ANALYST,"$111,552.84"
"JONAH, SUCRE C",ACCOUNTS,TEAM LEADER,"$72,687.54"
"WEB, LANKTREE L",SALES,WEB DESIGNER,"$68,063.66"
"MIRILLA, COBB F",ACCOUNTS,WEB DESIGNER,"$61,460.35"
"LYNN, SQUIBBS O",MARKETING,MANAGER,"$91,975.91"
"GUTHRY, BONDLEY I",SALES,DATA ANALYST,"$114,138.10"
"STAVRO, RUNNICLES W",LOGISTICS,TEAM LEADER,"$63,647.60"
"ERNA, LEBLANC S",HUMAN RESOURCES,CONSULTANT,"$63,685.11"
"MOLLEE, DACKS V",HUMAN RESOURCES,SENIOR DIRECTOR,"$104,977.51"
"ANDROMACHE, SCUTCHIN J",HUMAN RESOURCES,DEVELOPER,"$118,307.17"
"BYRANN, BURRIL D",PRODUCTION,CONSULTANT,"$62,685.53"
"SHELLEY, CORINTON B",HUMAN RESOURCES,WEB DESIGNER,"$111,048.80"
"HELGA, ARMALL A",LOGISTICS,SENIOR CONSULTANT,"$65,654.63"
"BRADY, VANNUCCINII R",HUMAN RESOURCES,PYTHON DEVELOPER,"$84,138.94"
"ARTIE, PIROZZI V",PROCUREMENT,DIRECTOR,"$86,430.87"
"SAM, JELLINGS V",FINANCE,SENIOR DIRECTOR,"$92,932.65"
"MARISA, HURDWELL B",PROCUREMENT,DEVELOPER,"$73,968.89"
"ELNA, LAMBLIN J",MARKETING,MANAGER,"$72,701.21"
"GEORGES, BURDS T",DESIGN,SENIOR CONSULTANT,"$97,423.98"
"ORLANDO, FITZSIMON G",FINANCE,SENIOR DIRECTOR,"$67,903.79"
"CHARMAINE, CZADLA H",SALES,SENIOR CONSULTANT,"$119,505.98"
"ALEXANDRE, MELMETH W",FINANCE,JUNIOR MANAGER,"$69,111.91"
"ODETTE, PAWELS D",MARKETING,DEVELOPER,"$118,366.28"
"EVANGELINA, SKIPPON R",MARKETING,MANAGER,"$100,534.28"
"MARSH, MEDLAND M",HUMAN RESOURCES,TEAM LEADER,"$69,342.25"
"GAIL, TRIGGEL W",PRODUCTION,WEB DESIGNER,"$73,469.30"
"CARLA, CRESSEY D",MARKETING,JUNIOR MANAGER,"$113,202.91"
"HALI, BATCH D",PRODUCTION,TEAM LEADER,"$70,484.24"
"DERRY, ANTHIFTLE F",MARKETING,MANAGER,"$90,124.62"
"HANSON, CHAPELHOW F",LOGISTICS,WEB DESIGNER,"$110,734.99"
"PHEBE, EADS A",SALES,JUNIOR MANAGER,"$114,131.52"
"HELGA, COSSENTINE O",PRODUCTION,PYTHON DEVELOPER,"$108,584.61"
"CELKA, TYHURST R",LOGISTICS,TEAM LEADER,"$106,923.71"
"TALYAH, WILBER A",FINANCE,MANAGER,"$65,434.07"
"ILEANE, DARRAGON J",LOGISTICS,CONSULTANT,"$103,250.39"
"AUGUSTIN, RIPPING R",PROCUREMENT,MANAGER,"$104,397.54"
"MAXY, MCLENNAN M",FINANCE,DEVELOPER,"$74,309.20"
"LESLIE, DE BANKE P",ACCOUNTS,SENIOR DIRECTOR,"$85,117.82"
"CYRUS, GODFRAY I",MARKETING,ADMIN OFFICER,"$43,424.00"
"CATHRYN, WORVIELL P",LOGISTICS,SENIOR CONSULTANT,"$92,627.45"
"BATHOLOMEW, INSKIPP V",MARKETING,SENIOR CONSULTANT,"$103,691.48"
"GERTA, AYERST M",LOGISTICS,SENIOR MANAGER,"$65,502.91"
"AIMEE, ELEGOOD O",DESIGN,CONSULTANT,"$91,918.68"
"SHARL, NIND E",PROCUREMENT,ADMIN OFFICER,"$40,562.00"
"JAYNE, SPON D",FINANCE,DIRECTOR,"$67,863.04"
"WREN, BOWCHER S",SALES,SENIOR DIRECTOR,"$90,878.83"
"MARENA, CURME M",DESIGN,SENIOR MANAGER,"$68,621.42"
"KAITLYN, ISAKSEN R",SALES,MANAGER,"$90,219.09"
"PANSIE, GORRIES R",ACCOUNTS,DATA ANALYST,"$101,354.85"
"DIRK, GWATKINS W",PROCUREMENT,SENIOR DIRECTOR,"$61,505.52"
"ELFRIDA, PYKE G",ACCOUNTS,CONSULTANT,"$93,406.74"
"ARLEY, PASSFIELD F",DESIGN,SENIOR CONSULTANT,"$116,238.55"
"JENNEE, DURTNALL C",PRODUCTION,ADMIN OFFICER,"$38,115.00"
"DODY, WALESA P",PRODUCTION,ADMIN OFFICER,"$39,133.00"
"JOSEPHINE, NICKELL G",PROCUREMENT,DEVELOPER,"$77,565.76"
"LORIANNE, MOUNTJOY F",MARKETING,DIRECTOR,"$87,855.48"
"MAR, DASHWOOD J",SALES,DEVELOPER,"$92,187.41"
"FLORIA, EGDELL O",LOGISTICS,TEAM LEADER,"$94,766.93"
"BARRIE, JAYUME F",PROCUREMENT,MANAGER,"$110,405.50"
"BARTOLOMEO, RIZZARDO S",FINANCE,TEAM LEADER,"$87,202.30"
"OTHILIA, RATTRY G",ACCOUNTS,CONSULTANT,"$113,913.14"
"TALLIE, CESCONI R",SALES,DEVELOPER,"$115,898.62"
"FAIRLEIGH, BROMEHEAD O",DESIGN,PYTHON DEVELOPER,"$90,455.65"
"JOBEY, ATHERSMITH A",HUMAN RESOURCES,TEAM LEADER,"$107,874.43"
"FIDELIA, ELLESWORTHE D",MARKETING,MANAGER,"$115,270.17"
"BROOK, STORRY S",HUMAN RESOURCES,DIRECTOR,"$113,913.22"
"DOLORITAS, HUTCHESON I",DESIGN,CONSULTANT,"$79,565.70"
"ALLSUN, NANNIZZI P",PROCUREMENT,SENIOR CONSULTANT,"$88,358.57"
"JUDON, PHILLIPP V",FINANCE,ADMIN OFFICER,"$38,661.00"
"CYRILLUS, VALERI F",DESIGN,SALES ANALYST,"$71,395.50"
"GALLAGHER, SANCHES M",PROCUREMENT,SENIOR CONSULTANT,"$95,131.80"
"BETTE, CREEBOE D",FINANCE,DEVELOPER,"$60,983.45"
"ANNIE, LUXEN P",PROCUREMENT,JUNIOR MANAGER,"$117,313.16"
"CARON, BETHO W",DESIGN,SALES ANALYST,"$114,458.91"
"CORLY, POHLKE G",HUMAN RESOURCES,PYTHON DEVELOPER,"$80,711.18"
"CARVER, SATCHEL W",MARKETING,TEAM LEADER,"$64,095.61"
"SIBELLE, FAIRBARD R",PRODUCTION,DATA ANALYST,"$104,750.90"
"MAJE, FERRES B",LOGISTICS,SENIOR CONSULTANT,"$67,618.14"
"SHAMUS, CHADWELL B",SALES,WEB DESIGNER,"$116,898.07"
"DELINDA, BETONIA J",FINANCE,PYTHON DEVELOPER,"$82,137.59"
"DARB, PAOLACCI E",ACCOUNTS,DEVELOPER,"$93,441.60"
"PENNIE, POURE M",FINANCE,DATA ANALYST,"$114,990.92"
"OSBERT, GREGORI T",SALES,DIRECTOR,"$101,362.12"
"BRINNA, MARDLIN V",MARKETING,SALES ANALYST,"$67,025.82"
"JEWELLE, BAVESTER V",HUMAN RESOURCES,SALES ANALYST,"$106,329.67"
"ARISTOTLE, BAGGER W",FINANCE,DIRECTOR,"$101,445.23"
"HENDRIKA, HANCE W",SALES,JUNIOR MANAGER,"$116,150.93"
"LEILA, STROYAN F",MARKETING,SALES ANALYST,"$96,277.99"
"GARDENER, CRECY C",HUMAN RESOURCES,SENIOR DIRECTOR,"$80,323.84"
"TRISTAN, VICKARMAN I",HUMAN RESOURCES,WEB DESIGNER,"$80,325.27"
"DENYSE, CORAINI L",PROCUREMENT,SENIOR MANAGER,"$89,487.85"
"DIXIE, CASTELLANI A",PROCUREMENT,ADMIN OFFICER,"$41,070.00"
"HARLIN, SCUTCHINGS E",PRODUCTION,TEAM LEADER,"$75,174.74"
"PATTY, NELTHORPE N",ACCOUNTS,DATA ANALYST,"$78,518.19"
"IVONNE, NUGENT C",DESIGN,SALES ANALYST,"$81,417.24"
"MARRISSA, LORRAWAY W",HUMAN RESOURCES,PYTHON DEVELOPER,"$69,249.13"
"MARGARITA, ARMIN L",SALES,PYTHON DEVELOPER,"$76,519.79"
"DELINDA, CASLETT N",MARKETING,TEAM LEADER,"$97,831.38"
"PASCALE, BROSIUS E",DESIGN,DEVELOPER,"$114,121.11"
"STANTON, PENNINI N",FINANCE,SENIOR MANAGER,"$71,811.14"
"EDMON, REASON R",SALES,JUNIOR MANAGER,"$83,914.62"
"CORETTA, DASKIEWICZ V",LOGISTICS,WEB DESIGNER,"$80,207.51"
"ERROL, SIMONCELLI R",PROCUREMENT,SENIOR CONSULTANT,"$106,761.05"
"JON, DWIGHT H",PRODUCTION,JUNIOR MANAGER,"$68,503.55"
"BAN, FALKOUS E",FINANCE,CONSULTANT,"$114,075.49"
"WANDIE, BERNADZKI O",SALES,WEB DESIGNER,"$116,170.20"
"TOWNEY, HUDDART E",LOGISTICS,JUNIOR MANAGER,"$86,753.85"
"LILY, MARTINAT N",HUMAN RESOURCES,TEAM LEADER,"$66,216.99"
"MADONNA, HOWSE O",FINANCE,SALES ANALYST,"$101,703.19"
"BOBBY, ROUTH O",MARKETING,SENIOR CONSULTANT,"$62,545.47"
"JEANNINE, BUNNER S",ACCOUNTS,CONSULTANT,"$116,677.15"
"OCTAVIUS, BENGER P",MARKETING,ADMIN OFFICER,"$41,743.00"
"RAFFARTY, FELDMAN J",PRODUCTION,JUNIOR MANAGER,"$63,789.94"
"NONAH, PETERKEN T",PROCUREMENT,PYTHON DEVELOPER,"$108,758.89"
"SCARLET, MCCARRON V",PRODUCTION,SENIOR DIRECTOR,"$102,551.98"
"GAEL, MCHENRY F",PRODUCTION,SALES ANALYST,"$100,872.42"
"KERMIT, MEEGAN T",DESIGN,PYTHON DEVELOPER,"$62,425.24"
"BILLI, GAVARAN L",PRODUCTION,JUNIOR MANAGER,"$64,840.59"
"EDWINA, ARMAN W",DESIGN,PYTHON DEVELOPER,"$107,131.19"
"RODGE, GREATEREX N",FINANCE,TEAM LEADER,"$80,767.88"
"COURTENAY, FREELAND V",MARKETING,DEVELOPER,"$63,703.32"
"ZONDA, PROBBIN H",ACCOUNTS,TEAM LEADER,"$85,290.45"
"BRANDI, PETTIFORD H",SALES,DATA ANALYST,"$73,611.09"
"GAYEL, WIGNALL D",LOGISTICS,DEVELOPER,"$106,126.14"
"DRUGI, BARCHRAMEEV A",MARKETING,ADMIN OFFICER,"$37,606.00"
"ENRIQUETA, TWINN M",MARKETING,SALES ANALYST,"$88,023.13"
"EBENEZER, BAWLE B",HUMAN RESOURCES,SENIOR CONSULTANT,"$89,388.95"
"EWART, MOULAND T",SALES,SENIOR CONSULTANT,"$74,883.25"
"HYACINTHE, SHENFISCH F",SALES,SALES ANALYST,"$77,860.00"
"ERNST, ANDRISS E",SALES,DIRECTOR,"$81,133.51"
"VALRY, CLEAVES D",PROCUREMENT,SENIOR CONSULTANT,"$114,419.72"
"MAXY, MCLUCKY B",FINANCE,TEAM LEADER,"$105,395.26"
"ANDRAS, LOWEY F",LOGISTICS,TEAM LEADER,"$80,701.83"
"CARVER, BITHELL W",PRODUCTION,WEB DESIGNER,"$102,750.30"
"ROBB, DEWER R",ACCOUNTS,DEVELOPER,"$92,984.88"
"ELVA, HOUNSOME J",PROCUREMENT,DIRECTOR,"$101,166.66"
"MOSHE, PADDELL I",DESIGN,DATA ANALYST,"$84,524.92"
"COURT, SCOBLE M",MARKETING,DIRECTOR,"$116,073.90"
"CALE, GOULDEN M",FINANCE,SENIOR DIRECTOR,"$112,623.21"
"RHYS, HALWARD A",MARKETING,MANAGER,"$99,643.69"
"DIETRICH, MACAVADDY B",FINANCE,CONSULTANT,"$86,360.25"
"VINNIE, SWANCOCK O",LOGISTICS,PYTHON DEVELOPER,"$100,129.56"
"PALOMA, EYE J",PRODUCTION,MANAGER,"$90,520.25"
"CHAS, SARFAS G",MARKETING,SENIOR CONSULTANT,"$106,336.15"
"JANNEL, MASDING C",SALES,MANAGER,"$103,497.17"
"GLENDON, BERN W",DESIGN,CONSULTANT DATA ANALYST,"$106,000.82"
"CIRILO, MCCLEAN V",PROCUREMENT,DIRECTOR,"$112,606.44"
"LUSA, ATEGGART T",PROCUREMENT,MANAGER,"$78,697.02"
"ABBE, DELYTH F",DESIGN,SENIOR MANAGER,"$112,240.92"
"ROLLIE, BUCKLEY J",PROCUREMENT,DATA SCIENTIST,"$105,935.20"
"POPPY, THEUFF S",ACCOUNTS,WEB DESIGNER,"$101,541.22"
"FREDELIA, BEACOM W",ACCOUNTS,SENIOR CONSULTANT,"$100,528.45"
"TRIX, GLADTBACH C",HUMAN RESOURCES,WEB DESIGNER,"$74,571.04"
"PRISCELLA, MCCONIGAL E",SALES,WEB DESIGNER,"$94,282.42"
"SIBYLLA, DOUCE G",FINANCE,TEAM LEADER,"$115,761.48"
"BERTINE, GRISHAEV G",HUMAN RESOURCES,ADMIN OFFICER,"$40,971.00"
"WYNNIE, GEANEY D",SALES,TEAM LEADER,"$82,406.43"
"FANCHON, EWART T",SALES,TEAM LEADER,"$108,822.41"
"DAMARA, MANTLE M",MARKETING,DIRECTOR,"$61,749.11"
"JORIE, PEGDEN G",ACCOUNTS,MANAGER,"$92,754.40"
"SUZIE, LOBLE S",FINANCE,ADMIN OFFICER,"$42,288.00"
"NANA, ENRICO S",HUMAN RESOURCES,SENIOR DIRECTOR,"$68,118.75"
"HERCULE, DEVERIL T",ACCOUNTS,TEAM LEADER,"$109,349.61"
"TAMERA, BOIG F",LOGISTICS,CONSULTANT,"$94,253.56"
"NADY, STREDDER D",FINANCE,DEVELOPER,"$86,431.32"
"ANIA, QUODLING G",MARKETING,DEVELOPER,"$86,740.99"
"AUGUSTINE, LARMOUTH V",PRODUCTION,CONSULTANT,"$117,843.01"
"CECILIO, JARNELL J",LOGISTICS,MANAGER,"$70,285.90"
"EDWIN, FALLOW N",PROCUREMENT,SENIOR MANAGER,"$84,586.40"
"REDFORD, CLEMENZO D",FINANCE,PYTHON DEVELOPER,"$77,570.89"
"KEEFER, KARDOS J",DESIGN,DIRECTOR,"$109,615.60"
"JORGE, AGGIS P",FINANCE,DIRECTOR,"$73,087.10"
"NESSY, O'FERRIS S",FINANCE,DIRECTOR,"$77,439.82"
"MARLIN, PASHBY P",SALES,SALES ANALYST,"$70,773.19"
"MAXIE, RADLEIGH H",LOGISTICS,WEB DESIGNER,"$110,357.64"
"ROLLINS, NATON N",DESIGN,JUNIOR MANAGER,"$101,685.74"
"ELSPETH, STUBBINS B",ACCOUNTS,SENIOR CONSULTANT,"$77,581.86"
"JUDI, DRON O",SALES,CONSULTANT,"$113,929.95"
"MAMIE, LICCARDO A",PRODUCTION,SENIOR DIRECTOR,"$74,549.61"
"LEANOR, PARR N",FINANCE,WEB DESIGNER,"$60,850.35"
"PEPE, BENDELL W",SALES,PYTHON DEVELOPER,"$101,436.33"
"JANELA, RUDLAND P",PRODUCTION,SENIOR DIRECTOR,"$109,214.60"
"RANDI, OTTLEY E",FINANCE,ADMIN OFFICER,"$39,717.00"
"JANIFER, ROSSANT V",DESIGN,JUNIOR MANAGER,"$110,248.96"
"DORALYNNE, TRY E",FINANCE,WEB DESIGNER,"$67,171.29"
"AVERILL, TOOHEY S",ACCOUNTS,PYTHON DEVELOPER,"$72,999.42"
"JEFFEREY, AMES T",FINANCE,JUNIOR MANAGER,"$87,698.65"
"NERTIE, ONEIL E",MARKETING,CONSULTANT,"$96,470.88"
"REETA, HARTILL F",MARKETING,DIRECTOR,"$86,779.08"
"EGAN, PAVER S",PROCUREMENT,PYTHON DEVELOPER,"$108,244.59"
"RICORIKI, POURVEER M",SALES,DATA ANALYST,"$78,109.50"
"RORY, CRICKETT T",SALES,JUNIOR MANAGER,"$111,609.75"
"SHELA, DODGE T",PRODUCTION,CONSULTANT,"$82,572.53"
"CARMELLA, VAN NIEKERK C",ACCOUNTS,CONSULTANT,"$72,366.63"
"MERLE, PESCHKE A",DESIGN,SALES ANALYST,"$111,026.72"
"JAMES, BOLAM M",MARKETING,SALES ANALYST,"$61,805.46"
"CARLYNN, EDDOLLS A",ACCOUNTS,SENIOR DIRECTOR,"$106,673.90"
"ROZELLE, FOSTON S",HUMAN RESOURCES,JUNIOR MANAGER,"$119,079.36"
"ALARD, EKINS J",MARKETING,SENIOR CONSULTANT,"$95,338.97"
"ALOIN, READE C",PROCUREMENT,SENIOR CONSULTANT,"$79,558.65"
