first name,last name,gender,reg date,last login,followers,posts,Influencer,Country
Corilla,Leuchars,Female,2/11/2011,2020-05-14 3:51,24536,462,FALSE,Brazil
Forster,Gush,Male,4/2/2015,2020-07-11 7:41,8479,2581,TRUE,United States
Everard,Jowers,Male,11/14/2018,2020-05-31 17:36,9356,6874,FALSE,United Kingdom
Bob,Threader,Male,6/13/2019,2020-07-04 16:19,33319,3617,FALSE,Australia
Deeann,Standell,Female,4/26/2011,2020-10-03 6:16,2908,98,FALSE,
Ashla,Ellingham,Female,7/22/2015,2020-12-12 3:10,15251,4397,TRUE,Brazil
Hans,Rodder,Male,5/20/2010,2020-06-21 16:27,30819,3841,FALSE,South Africa
Linn,Easman,Female,2/26/2011,2020-10-19 7:22,34752,3899,FALSE,Canada
Celia,Yurkov,Female,2/2/2013,2020-08-05 14:03,5977,1969,TRUE,United States
Torey,Leighfield,Female,1/19/2014,2020-12-14 14:33,6870,3994,TRUE,Japan
Raquela,Gradly,,8/27/2010,2020-11-14 16:05,1001,745,FALSE,Canada
Sheila,Jewkes,,2/24/2020,2020-06-19 17:15,13224,5146,TRUE,United Kingdom
Caritta,Quarrington,Female,10/23/2019,2020-06-13 5:23,14023,4098,FALSE,South Africa
Cristina,Bantham,Female,3/21/2019,2020-10-06 20:24,11701,5654,TRUE,Japan
Cloris,Nettle,Female,6/19/2013,2020-05-27 9:02,26967,3215,TRUE,South Africa
Rolph,Ellcome,Male,1/16/2017,2020-11-11 13:25,26221,7048,TRUE,Australia
Huberto,Ramelot,Male,2/2/2016,2020-07-11 18:48,10136,5800,TRUE,United Kingdom
Morgen,Slamaker,Male,4/9/2019,2020-07-23 10:05,3070,7029,FALSE,Brazil
Enid,Enstone,Female,2/12/2017,2020-05-10 19:26,402,274,FALSE,
Jamie,Moxted,Male,12/31/2015,2020-09-10 1:43,11115,6839,TRUE,Australia
Clemens,Duncanson,Male,7/14/2015,2020-10-23 13:00,24440,7424,,Australia
Beatrice,Gough,Female,2/12/2013,2020-10-31 1:50,19642,4991,,Japan
Berte,Audry,Female,9/8/2019,2020-11-03 8:41,25446,805,FALSE,United States
Bibby,Kennington,Female,2/17/2014,2020-06-18 4:34,14955,3924,TRUE,Canada
Whittaker,Balderstone,Male,8/31/2020,2020-07-30 14:49,1089,7491,FALSE,United Kingdom
Nollie,Bairnsfather,Male,2/6/2015,2020-10-30 23:38,37108,4112,FALSE,South Africa
Betty,Lennard,Female,4/12/2017,2020-09-16 14:22,31286,7437,TRUE,United Kingdom
Correna,Gresser,Female,10/20/2011,2020-11-27 22:17,20773,3982,FALSE,Australia
Papagena,Vereker,,5/22/2011,2020-12-12 21:41,36779,4873,FALSE,Canada
Hermine,Bridgement,Female,5/22/2016,2020-12-07 14:49,3017,6779,,Australia
Jocelyn,Jermey,Female,10/30/2013,2020-06-28 1:59,35464,2877,FALSE,South Africa
Nikkie,McCerery,,1/11/2011,2020-07-23 15:01,28565,7195,TRUE,United Kingdom
Chrisse,Wardley,Male,1/5/2013,2020-05-24 18:52,14855,4018,TRUE,
Nolly,Traill,Male,7/23/2015,2020-08-07 22:20,34807,3301,TRUE,Japan
Giffard,Hebblethwaite,Male,8/10/2014,2020-07-15 7:15,4389,4274,TRUE,South Africa
Rhea,Gullefant,Female,10/7/2020,2020-07-18 1:51,37847,6002,TRUE,United Kingdom
Hamlin,Madsen,Male,4/4/2017,2020-08-05 11:09,22379,7288,FALSE,Australia
Harland,Delve,,5/16/2013,2020-07-15 7:44,27675,2892,FALSE,United Kingdom
Leonard,Tomaselli,Male,9/14/2018,2020-06-14 15:39,35808,2564,TRUE,Canada
Huntlee,Rowson,Male,2/7/2018,2020-09-30 18:19,21928,1082,FALSE,Brazil
Orran,Bricham,Male,2/27/2018,2020-06-19 10:52,23850,6269,,Australia
Gates,Degue,,2/21/2018,2020-05-12 15:19,23917,6271,,Brazil
Lauree,Berkery,Female,10/8/2015,2020-11-20 6:31,15530,7286,FALSE,United States
Malia,Santino,Female,10/8/2020,2020-09-19 23:14,5153,6349,FALSE,South Africa
Lockwood,Choppen,,12/10/2012,2020-11-09 12:12,24500,3586,TRUE,Canada
Mag,Santori,Female,6/22/2010,2020-07-26 10:11,23538,524,TRUE,United Kingdom
Opalina,Duncombe,Female,7/19/2011,2020-05-14 9:53,7570,5605,FALSE,South Africa
Ricca,Costelloe,Female,7/10/2015,2020-12-12 23:11,21328,1327,FALSE,South Africa
Bayard,Tenbrug,Male,7/27/2018,2020-10-20 7:51,16408,1887,TRUE,South Africa
Farr,Dunsmore,Male,8/13/2020,2020-07-14 4:34,32255,2808,TRUE,United Kingdom
Revkah,Mendus,Female,4/5/2016,2020-08-28 16:16,3518,4028,TRUE,
Lewes,Philler,Male,8/19/2015,2020-12-16 7:44,20079,6648,TRUE,United Kingdom
Katherine,Pellamont,Female,6/14/2013,2020-06-02 17:36,29530,4381,,Canada
Austine,Vitet,,3/26/2020,2020-10-09 15:09,3518,7429,TRUE,Brazil
Christyna,Rizzolo,Female,11/9/2019,2020-11-26 4:46,5583,6760,TRUE,Brazil
Justinn,Eyres,Female,9/29/2011,2020-10-29 8:55,2566,3035,FALSE,Brazil
Lucilia,Shank,Female,7/6/2015,2020-06-28 0:50,24798,2086,TRUE,Japan
Emmy,Lesslie,Female,5/3/2010,2020-07-12 13:03,9005,5794,TRUE,Canada
Bronnie,Soitoux,Male,8/10/2012,2020-10-12 13:41,6112,6477,FALSE,United States
Inness,Schwieso,Male,8/21/2011,2020-12-16 7:09,33629,4906,FALSE,Australia
Adelaida,Styche,Female,10/4/2014,2020-10-15 9:32,32072,1463,TRUE,Canada
Niko,Greenrodd,Male,4/28/2012,2020-08-02 18:17,32063,5273,FALSE,United Kingdom
Osbourn,Davidove,Male,7/7/2014,2020-08-20 2:17,2617,4694,FALSE,Brazil
Quent,Willbraham,Male,7/24/2012,2020-11-10 2:02,36912,3300,TRUE,United Kingdom
Hyacinthe,MacRory,Female,4/28/2019,2020-08-01 12:28,19635,4351,FALSE,South Africa
Carlo,Royce,Male,2/12/2016,2020-10-06 2:30,595,4512,,Australia
Sergeant,Greenway,,5/4/2014,2020-05-13 22:07,5239,2174,FALSE,South Africa
Ericka,Benini,Female,3/8/2017,2020-11-18 4:08,4679,2934,TRUE,Australia
Faith,Jerwood,Female,1/19/2013,2020-05-26 4:59,37045,3670,FALSE,South Africa
Gnni,Beresford,,7/28/2010,2020-10-10 23:23,35673,6071,TRUE,United Kingdom
Mylo,New,,1/31/2020,2020-10-22 7:54,16811,1255,FALSE,Canada
Cozmo,Garrold,Male,9/27/2017,2020-09-10 15:34,27795,2222,TRUE,United States
Borg,Pedrol,Male,5/20/2014,2020-06-25 3:02,28890,1439,TRUE,Brazil
Aviva,Trewinnard,Female,11/24/2018,2020-07-23 22:37,21894,239,FALSE,South Africa
Broderic,Lenard,Male,3/7/2010,2020-09-03 23:56,35967,2903,TRUE,United Kingdom
Tessi,Thunderman,Female,7/28/2020,2020-07-08 21:33,31818,2491,FALSE,Australia
Ella,Livzey,Female,10/24/2016,2020-07-08 12:12,35362,4041,TRUE,Australia
Sherlock,Michelet,Male,1/4/2019,2020-10-14 19:05,10941,3377,FALSE,Canada
Nana,Eadmead,Female,5/25/2020,2020-05-12 4:14,32105,5937,TRUE,Japan
Cherianne,Hastwell,Female,2/2/2013,2020-10-17 11:53,24192,5223,FALSE,South Africa
Stern,Monk,Male,9/27/2014,2020-09-01 0:39,6797,1251,TRUE,Brazil
Gunner,Lansly,,2/22/2017,2020-06-10 0:41,3915,1820,TRUE,United Kingdom
Carlyn,Loutheane,Female,2/17/2012,2020-07-13 11:41,30225,626,TRUE,Australia
Abbye,Ollier,Female,6/22/2016,2020-09-07 22:48,11814,2349,,Brazil
Ruby,Cutchie,Female,3/5/2018,2020-06-13 0:50,373,4680,FALSE,United States
Fredia,Shevels,Female,10/15/2020,2020-07-20 6:08,20679,3486,FALSE,Canada
Janice,Josefsohn,Female,12/21/2016,2020-07-24 10:02,5849,5194,TRUE,South Africa
Wallace,Spelling,Male,9/22/2015,2020-07-12 22:56,23331,604,FALSE,South Africa
Alicia,Gilffillan,Female,7/26/2012,2020-05-29 10:58,6706,4284,TRUE,Australia
Fleming,Bree,Male,9/26/2013,2020-06-15 7:05,8606,1430,FALSE,Canada
Creight,Kyberd,,11/12/2016,2020-05-23 12:10,35459,1565,FALSE,United States
Bertie,Duce,Male,2/4/2012,2020-05-17 23:42,6221,4299,TRUE,Australia
Eran,Croce,,3/1/2020,2020-09-18 3:57,37471,2476,TRUE,United Kingdom
Andreas,Guyonneau,,12/4/2011,2020-12-06 20:57,6652,5301,,United Kingdom
Kara,Weems,,7/26/2010,2020-10-07 11:20,24071,2131,,Canada
Amargo,Gegg,,12/19/2018,2020-07-01 10:57,22053,1309,,Brazil
Alwyn,Jori,Male,9/29/2014,2020-06-11 2:10,7982,1164,TRUE,United Kingdom
Sarette,Sherrington,Female,7/29/2014,2020-10-02 8:11,36600,6493,TRUE,United Kingdom
Bell,Dorkin,,3/1/2014,2020-12-19 8:56,15587,2451,FALSE,South Africa
Tremain,Manford,Male,8/10/2013,2020-10-19 7:33,981,3213,TRUE,South Africa
Loren,McAsgill,Female,7/28/2012,2020-09-04 19:27,30000,573,TRUE,Australia
Oralie,Mitchley,Female,4/17/2017,2020-06-21 16:34,17423,4780,TRUE,Brazil
Andros,Grewar,Male,3/3/2018,2020-08-18 20:32,9552,6019,,Japan
Durant,Milmore,Male,8/30/2019,2020-06-26 3:44,31349,4916,,
Barnaby,Cooke,Male,7/25/2010,2020-12-22 15:11,29452,600,,
Finley,d'Arcy,Male,10/24/2017,2020-07-30 2:47,32102,4651,,
Gratiana,Artus,,4/19/2012,2020-05-19 18:06,37324,2461,,
Pru,Wescott,Female,12/13/2016,2020-10-26 4:59,11825,7519,,
Reamonn,Glazyer,Male,1/20/2014,2020-07-08 7:51,7243,165,FALSE,Canada
Ivar,Flaverty,Male,10/15/2016,2020-11-30 11:24,22368,429,TRUE,Brazil
Ferdinande,Treamayne,Female,12/31/2014,2020-09-28 20:05,6549,2656,TRUE,Brazil
Marrilee,Telford,Female,1/17/2017,2020-05-20 10:46,21575,1554,TRUE,United Kingdom
Phillipp,Enden,Male,10/20/2016,2020-05-29 9:22,16211,3297,TRUE,Australia
Drud,Butterwick,,5/13/2016,2020-08-15 20:00,16986,7213,FALSE,Brazil
Shaylyn,Bayles,,11/2/2011,2020-11-12 4:55,15358,7402,FALSE,South Africa
Kelbee,Janaszkiewicz,Male,12/15/2012,2020-12-05 21:38,31513,6183,FALSE,Brazil
Virgilio,Metterick,Male,9/9/2019,2020-11-22 7:47,13267,6187,FALSE,Brazil
Dilly,Sheron,Male,6/2/2015,2020-10-02 8:46,34102,6056,,United Kingdom
Anica,Fosten,Female,8/26/2020,2020-09-07 1:27,4654,107,TRUE,Australia
Daisy,Yakovliv,Female,1/21/2014,2020-07-09 2:29,1553,2673,,United Kingdom
Junie,Rolston,Female,5/28/2014,2020-08-03 14:03,25787,2617,,Canada
Ricky,Rushbrook,Male,3/17/2013,2020-10-04 13:37,16273,3647,,United States
Oriana,Gawkes,Female,5/14/2014,2020-11-01 5:27,32915,560,FALSE,Japan
Otho,Hincks,Male,6/27/2016,2020-10-27 21:17,19646,1276,TRUE,Japan
Wittie,Merrell,Male,4/2/2020,2020-07-16 0:58,29287,2264,TRUE,United Kingdom
Harlin,OIlier,Male,8/21/2020,2020-07-06 3:32,9043,2255,FALSE,Australia
Kurt,Hogsden,,11/21/2010,2020-08-15 7:59,14305,2593,,United States
Kath,Kimber,,8/13/2018,2020-11-04 11:24,363,6458,TRUE,South Africa
Clerc,McGooch,Male,11/16/2016,2020-07-26 0:17,18047,7207,FALSE,
Mufi,Schellig,Female,6/9/2011,2020-05-22 10:08,24053,4479,TRUE,
Emmott,Ogbourne,Male,6/27/2018,2020-05-25 20:29,13593,2361,FALSE,South Africa
Lorrin,Strodder,Female,6/2/2011,2020-08-08 1:59,33640,5307,FALSE,United Kingdom
Martica,Lamble,Female,11/1/2018,2020-08-20 3:08,1507,4902,FALSE,Australia
Crista,Spehr,Female,11/4/2018,2020-08-30 16:14,4059,540,FALSE,South Africa
Cordie,Gypson,Female,10/17/2020,2020-07-14 19:08,23320,7462,FALSE,Japan
Johan,Lebarree,Male,3/31/2010,2020-05-17 7:37,29499,5588,TRUE,Brazil
Mira,Cordsen,Female,2/17/2011,2020-10-12 15:11,28828,7323,TRUE,Australia
Jedd,Lavrinov,Male,7/9/2018,2020-06-12 10:06,2559,5492,TRUE,South Africa
Sergei,Roome,Male,9/12/2013,2020-12-14 7:22,23480,1507,FALSE,United Kingdom
Johnath,Vinall,Female,8/21/2014,2020-11-27 10:47,10595,398,TRUE,United States
Hersch,Frudd,Male,3/28/2013,2020-05-10 22:17,10550,3667,FALSE,South Africa
Innis,Mungin,Male,4/20/2019,2020-08-25 5:35,20797,5557,FALSE,United Kingdom
Melonie,Beever,Female,1/13/2019,2020-08-26 19:08,24728,4662,FALSE,South Africa
Magda,Worsham,Female,9/9/2012,2020-12-25 13:30,24151,5677,FALSE,United States
Fidela,Thunders,Female,10/10/2016,2020-11-04 18:19,19798,2377,FALSE,United States
Brian,Clack,Male,6/8/2017,2020-07-17 19:47,37995,1247,TRUE,United Kingdom
Devland,Mandrier,,4/28/2018,2020-06-25 9:05,23866,3927,FALSE,Australia
Nerte,Willshaw,Female,4/7/2013,2020-08-24 14:00,32852,6645,FALSE,United States
Anatole,Quinney,Male,3/6/2019,2020-09-18 18:52,10607,1959,TRUE,Japan
Abba,Savin,Male,7/20/2017,2020-08-29 13:54,15974,7512,FALSE,Japan
Valida,Korf,Female,8/16/2017,2020-07-21 9:52,14107,6597,TRUE,Japan
Serge,Halkyard,Male,8/18/2013,2020-06-23 16:58,23569,6062,FALSE,United Kingdom
Zita,Moran,Female,2/26/2016,2020-08-07 9:13,26361,757,TRUE,Japan
Chuck,Goundry,,6/14/2011,2020-08-05 12:17,18602,1172,FALSE,Brazil
Kellsie,Trevers,Female,5/24/2011,2020-05-21 0:05,9234,4679,FALSE,United States
Jenine,Knatt,Female,6/29/2020,2020-07-29 19:14,6683,6945,FALSE,South Africa
Emory,Ritch,Male,6/23/2014,2020-12-03 14:27,10660,4584,FALSE,Canada
Stavros,Van der Linde,Male,1/24/2017,2020-11-21 1:17,1150,4527,FALSE,Canada
Arturo,Brotherwood,Male,5/22/2016,2020-05-10 10:15,8945,4747,TRUE,Brazil
Ellerey,Cran,Male,11/24/2015,2020-12-03 8:36,2461,5141,TRUE,Australia
Reynold,Mechic,Male,11/24/2013,2020-05-15 7:06,30480,4192,TRUE,Australia
Kirstyn,Dillingstone,Female,12/10/2017,2020-08-26 20:03,5642,3411,FALSE,South Africa
Avril,Yearnes,Female,12/17/2016,2020-07-08 3:32,27473,1171,FALSE,Brazil
Gavan,Kane,Male,9/21/2017,2020-09-19 3:24,18084,6534,TRUE,Japan
Neils,Tevelov,Male,9/7/2010,2020-06-29 4:44,14466,5946,TRUE,United Kingdom
Cale,Drew-Clifton,Male,8/28/2010,2020-09-22 6:21,29395,4026,FALSE,Brazil
Stanwood,Penhearow,,9/22/2012,2020-11-17 21:07,16655,2993,FALSE,South Africa
Robers,MacGahy,Male,6/20/2015,2020-06-29 20:46,6774,177,FALSE,Brazil
Monti,Macey,Male,3/7/2013,2020-09-18 17:10,2320,4571,TRUE,Canada
Jaquith,Jewsbury,Female,5/26/2019,2020-12-17 23:03,25973,3909,FALSE,Canada
Kaycee,Chidley,Female,2/24/2020,2020-08-07 16:57,15921,784,FALSE,Canada
Cully,Giamo,Male,1/26/2017,2020-11-14 11:53,28850,4766,TRUE,Canada
Georgeta,Sarjant,Female,2/10/2020,2020-12-07 22:14,5072,2570,FALSE,United Kingdom
Kerrill,Copestake,Female,10/24/2015,2020-11-22 2:19,15300,1193,FALSE,Australia
Tammie,Hammarberg,Male,1/15/2010,2020-09-27 1:15,34850,2641,FALSE,Canada
Muffin,Doberer,Female,7/26/2012,2020-10-27 1:09,7464,4214,TRUE,United Kingdom
Kevan,Mowson,Male,4/15/2014,2020-06-17 12:47,18566,5224,FALSE,Australia
Devi,Ellingford,Female,8/11/2013,2020-06-27 22:35,27094,6160,FALSE,United Kingdom
Gannie,Jamot,Male,2/26/2011,2020-09-22 20:51,13973,3902,FALSE,
Carolus,Siggs,Male,2/20/2016,2020-10-29 2:36,8276,7531,TRUE,South Africa
Otis,Ales,Male,1/21/2012,2020-12-09 13:41,17711,4770,TRUE,Canada
Alis,Morgan,Female,8/9/2014,2020-11-25 9:31,19095,2903,FALSE,Brazil
Kiele,Duffill,Female,2/16/2020,2020-06-19 13:34,33837,3905,FALSE,Brazil
Yance,Sadry,Male,6/13/2014,2020-11-12 1:29,10811,5505,FALSE,Brazil
Alvinia,Grouer,Female,9/20/2019,2020-10-13 17:59,17059,1178,TRUE,Australia
Daryl,Klimsch,Female,8/19/2011,2020-09-22 14:08,37354,4654,FALSE,Japan
Koo,Hendrich,,9/18/2017,2020-12-21 16:59,19038,2205,TRUE,United States
Kyle,Filyukov,Male,11/16/2018,2020-10-24 5:15,26932,1165,FALSE,United States
Noak,McKune,Male,4/28/2017,2020-07-07 12:36,32800,1526,TRUE,Brazil
Urbanus,Yegorshin,Male,4/12/2015,2020-11-21 3:20,28025,6642,FALSE,South Africa
Roy,Marrian,Male,1/8/2018,2020-11-01 17:49,23981,832,TRUE,United Kingdom
Burt,Pabelik,Male,1/2/2020,2020-10-24 22:55,29911,779,FALSE,Brazil
Atlante,Towson,Female,2/25/2013,2020-07-29 1:43,24772,6488,FALSE,Japan
Juan,Kondratenya,Male,2/3/2014,2020-08-29 12:04,36155,5391,TRUE,Australia
Morry,Ambrosetti,Male,8/26/2016,2020-12-12 10:41,36275,6034,FALSE,Canada
Carey,Trillow,Female,11/27/2015,2020-09-17 15:48,33021,5654,TRUE,United Kingdom
Randolf,Hilbourne,Male,9/12/2010,2020-11-10 19:06,26552,1402,FALSE,Japan
Clarie,McFadden,Female,2/5/2012,2020-06-01 17:08,34372,3424,FALSE,Japan
Tawsha,Wastie,Female,8/11/2020,2020-07-23 4:49,35981,6114,TRUE,Japan
Tobye,Matusevich,Female,8/15/2016,2020-08-01 10:03,17971,2561,FALSE,Japan
Kristos,Dashkovich,Male,11/20/2012,2020-10-30 6:37,36779,7515,TRUE,Canada
Loretta,Siccombe,Female,12/13/2018,2020-09-19 14:40,32798,4283,FALSE,United States
Siouxie,Fairlamb,Female,7/4/2016,2020-08-16 22:20,7634,4842,FALSE,Australia
Barbabas,Geekie,Male,5/24/2017,2020-07-29 22:52,17904,3633,TRUE,South Africa
Bob,Sodo,Male,12/7/2015,2020-12-06 5:54,27712,2847,FALSE,Japan
Prince,Lakes,Male,11/10/2016,2020-12-13 2:41,9295,6634,FALSE,Australia
Kristopher,Weekes,Male,1/1/2015,2020-11-07 4:21,2596,2353,FALSE,Australia
Pamela,McPeake,Female,8/2/2015,2020-12-10 11:13,3366,2298,TRUE,Brazil
Noland,Tranter,Male,9/1/2011,2020-07-20 5:58,24227,7026,TRUE,Australia
Sallyanne,Coxwell,Female,10/26/2011,2020-10-06 4:31,15990,1024,TRUE,Japan
Nicoli,Cornelius,Female,12/18/2010,2020-06-10 20:55,25873,5154,TRUE,Canada
Merna,Le Surf,Female,12/22/2012,2020-07-17 9:51,15761,5017,TRUE,United States
Phylis,Smallbone,Female,11/18/2012,2020-10-27 13:18,884,4480,FALSE,South Africa
Oriana,Sawford,Female,7/7/2014,2020-07-26 20:29,17390,3033,TRUE,United States
Krista,Oxer,Female,12/20/2019,2020-09-19 2:03,9915,6795,TRUE,United Kingdom
Batholomew,Skitral,Male,11/8/2015,2020-08-14 5:55,37347,1758,TRUE,Brazil
Katalin,Milne,Female,6/22/2014,2020-06-27 13:10,25744,4256,FALSE,South Africa
Terri,Fonte,Male,9/3/2017,2020-09-07 16:21,37839,1026,TRUE,United States
Amanda,Cescot,Female,7/7/2019,2020-11-09 1:58,1891,1014,TRUE,United States
Robin,Blacklidge,Male,8/15/2016,2020-10-24 13:53,26682,6448,TRUE,Canada
Bucky,Vale,Male,3/28/2018,2020-07-05 7:07,27949,7233,FALSE,Australia
Marcellina,Fraanchyonok,Female,6/14/2019,2020-05-11 20:09,3875,2201,FALSE,South Africa
Ettie,MacQuaker,,10/4/2018,2020-06-13 8:05,5820,1774,TRUE,Canada
Wilow,Swayne,Female,10/24/2015,2020-09-22 0:00,28114,3605,FALSE,United Kingdom
Briana,Terrett,Female,10/24/2019,2020-07-26 15:54,7281,2627,TRUE,Canada
Griffin,Broxup,Male,6/2/2014,2020-05-17 2:56,6715,99,FALSE,Brazil
Hildagard,Pople,Female,6/17/2015,2020-10-14 23:49,10566,6063,FALSE,South Africa
Robby,Kamen,Male,12/29/2011,2020-05-22 16:14,27910,607,FALSE,United Kingdom
Jacob,Aguirre,Male,3/16/2014,2020-10-03 5:42,11793,2430,TRUE,Japan
Lem,Clemmens,Male,2/2/2019,2020-11-21 3:34,5425,5535,TRUE,Japan
Angeli,Pateman,Male,8/21/2014,2020-11-22 13:46,26367,2792,TRUE,Canada
Ford,Kopacek,Male,7/8/2016,2020-11-11 6:56,25836,2551,FALSE,Japan
Twila,Landall,Female,5/12/2020,2020-11-26 14:00,30028,6069,TRUE,Canada
Patin,McFadin,Male,4/20/2012,2020-10-29 11:42,25571,6226,FALSE,United Kingdom
Devland,Calverley,Male,3/25/2011,2020-06-27 12:56,13519,6140,TRUE,Japan
Mikey,Caseley,Male,11/15/2013,2020-08-11 20:33,12533,2607,FALSE,Australia
Alonzo,Castilljo,,9/6/2017,2020-11-24 2:04,13774,1088,FALSE,South Africa
Tait,Sommerlie,Male,4/12/2014,2020-07-31 18:09,7807,4688,FALSE,Brazil
Kinna,De Ath,Female,5/6/2016,2020-09-24 1:54,22469,813,TRUE,South Africa
Laurel,Boutwell,Female,2/28/2013,2020-09-17 0:55,1189,691,FALSE,Japan
Aile,Bockmaster,Female,4/1/2010,2020-11-24 12:57,24103,7381,TRUE,Brazil
Fidelio,McMorland,,8/12/2020,2020-09-07 0:48,21182,723,FALSE,Australia
Sybille,Mellish,Female,9/22/2010,2020-09-29 11:42,3408,4644,TRUE,Japan
Abbie,Gillson,Female,8/22/2019,2020-11-02 6:11,24292,5418,FALSE,United Kingdom
Myrlene,Phittiplace,,8/17/2020,2020-09-18 22:50,22748,4262,TRUE,United Kingdom
Lita,Kneath,Female,4/18/2017,2020-10-29 12:45,22656,3258,FALSE,Australia
Rodie,Wheatland,Female,3/7/2013,2020-12-19 9:34,6694,4703,TRUE,Australia
Darrel,Swalteridge,Male,7/30/2010,2020-07-09 17:09,15309,5964,FALSE,United States
Packston,Bathurst,Male,2/19/2015,2020-08-20 17:00,36933,1172,FALSE,United Kingdom
Balduin,Funcheon,Male,5/4/2012,2020-10-02 12:40,22444,1957,TRUE,United States
Ivett,Gerler,Female,5/25/2020,2020-06-23 9:17,7648,1971,FALSE,Australia
Artus,Warrender,Male,6/24/2015,2020-10-02 22:37,30696,1206,TRUE,Australia
Culley,Wallbridge,Male,9/10/2020,2020-10-26 15:58,22984,1224,FALSE,United Kingdom
Aili,Raunds,Female,7/7/2013,2020-07-16 8:59,37693,1378,TRUE,United Kingdom
Tamas,MacCaig,,10/15/2010,2020-05-30 21:02,13073,5973,FALSE,Canada
Antonio,Claire,Male,1/14/2012,2020-10-29 18:17,33255,97,TRUE,South Africa
Sean,Gorini,Male,4/18/2011,2020-10-03 0:35,20391,1432,FALSE,United States
Con,Wroe,Female,6/10/2010,2020-07-29 8:16,2365,2447,TRUE,South Africa
Marnia,Gioani,Female,10/31/2012,2020-12-13 16:50,8548,2730,TRUE,Canada
Sephira,Pinkett,Female,6/14/2020,2020-11-18 23:39,12118,6047,FALSE,United Kingdom
Nap,Silverston,Male,11/29/2017,2020-12-11 20:16,36216,1171,FALSE,Australia
Demetris,Craythorn,Male,8/3/2011,2020-08-14 17:47,10541,4863,TRUE,Brazil
Cris,Dobrowolny,Female,9/21/2015,2020-12-02 11:47,19508,4360,TRUE,United States
Nike,Nelsey,Female,9/11/2011,2020-08-23 23:32,6461,6309,FALSE,South Africa
Liuka,Schlagtmans,Female,8/3/2018,2020-05-21 14:03,1674,3944,TRUE,Australia
Kiley,Eger,Female,6/17/2014,2020-09-08 21:24,19675,4363,TRUE,United Kingdom
Audry,Ledram,Female,7/14/2011,2020-11-09 9:08,9560,5477,TRUE,Brazil
Carolin,Calveley,,1/19/2010,2020-05-10 3:28,31936,438,TRUE,Australia
Aveline,Vaune,Female,7/17/2011,2020-05-24 17:42,36306,492,FALSE,Canada
Gal,Openshaw,Male,6/12/2012,2020-05-12 16:25,30959,3453,TRUE,United States
Rosana,Larvent,Female,9/13/2018,2020-12-04 6:54,11206,7578,FALSE,Japan
Katie,Bartaletti,Female,5/1/2014,2020-07-19 22:49,21642,3793,FALSE,Australia
Arty,Battman,Male,11/25/2010,2020-06-28 18:40,37498,946,FALSE,United Kingdom
Elbertine,Kiss,Female,12/19/2014,2020-07-26 8:02,9733,1023,FALSE,United Kingdom
Mathias,Komorowski,Male,6/8/2019,2020-12-09 6:23,19591,712,TRUE,South Africa
Wit,Wellbeloved,Male,7/27/2017,2020-08-05 0:09,7347,1728,TRUE,Canada
Patsy,Kinson,Male,5/24/2020,2020-12-10 11:54,33205,7094,FALSE,Canada
Menard,Castells,Male,10/17/2017,2020-07-20 1:56,5950,5056,FALSE,South Africa
Rodney,Eccleston,Male,4/22/2011,2020-11-13 21:24,3437,621,FALSE,Australia
Georgine,Semple,Female,6/13/2016,2020-07-22 23:51,25255,2311,FALSE,United States
Jory,Cawson,Male,10/29/2012,2020-10-25 0:04,5628,6750,TRUE,Japan
Osborne,Gostage,Male,6/26/2018,2020-11-04 7:56,15448,157,FALSE,Australia
Cly,Skedge,Male,1/2/2017,2020-09-02 2:40,23012,4372,TRUE,United Kingdom
Biron,Ollin,Male,8/22/2019,2020-07-18 19:25,27312,1489,FALSE,South Africa
Henryetta,Tinton,Female,9/20/2015,2020-08-22 3:48,21645,682,FALSE,Brazil
Marinna,Alf,Female,8/17/2017,2020-11-02 4:11,8311,6414,FALSE,Japan
Randolf,Menco,Male,1/28/2014,2020-07-06 18:59,22442,3974,TRUE,Australia
Budd,Erie,Male,12/1/2012,2020-10-04 7:30,15563,5464,TRUE,United States
Sadye,Yellep,Female,9/23/2011,2020-07-14 15:58,10280,1571,FALSE,United States
Doy,Kiessel,Male,4/17/2011,2020-11-01 16:42,30123,7282,FALSE,Japan
Brinna,Davioud,Female,12/23/2018,2020-10-09 13:36,17849,5214,TRUE,South Africa
Janean,Pither,Female,11/25/2010,2020-05-16 1:53,23566,227,FALSE,Canada
Osmond,Biesinger,Male,1/14/2017,2020-09-16 19:42,451,5090,TRUE,United Kingdom
Harriott,Apdell,Female,7/2/2016,2020-06-20 0:13,31714,459,FALSE,United States
Annie,Featherby,Female,4/29/2014,2020-07-28 0:41,28733,103,TRUE,Brazil
Tresa,Piborn,Female,10/21/2013,2020-10-19 16:10,35912,1528,FALSE,Japan
Benoit,Gusney,Male,3/16/2013,2020-09-11 20:30,31976,1513,TRUE,United Kingdom
Madelyn,Prest,Female,4/8/2010,2020-10-11 13:34,1980,136,TRUE,United States
Torrin,Ciccoloi,Male,11/13/2014,2020-12-23 9:41,7551,1955,TRUE,Canada
Jonathan,Antcliff,Male,1/29/2014,2020-07-22 22:25,1306,1880,TRUE,United States
Joshuah,Cocher,,6/15/2014,2020-08-02 22:27,30873,2124,FALSE,United States
Neron,Kikke,Male,3/11/2014,2020-05-20 0:03,8818,2937,TRUE,United States
Sher,Story,Female,12/17/2017,2020-09-18 10:14,14652,6702,FALSE,United States
Caddric,Bister,Male,1/13/2020,2020-10-21 21:52,16487,1868,TRUE,Japan
Katine,Yashin,Female,10/19/2013,2020-11-05 18:07,6654,3116,TRUE,South Africa
Evvy,Chugg,Female,4/29/2018,2020-08-06 17:38,7775,2539,FALSE,United States
Bert,Spelsbury,Female,11/29/2014,2020-10-13 13:50,27551,7405,FALSE,South Africa
Jammal,Mulliner,,2/27/2014,2020-11-15 5:34,421,181,FALSE,Japan
Fanya,Balam,Female,3/19/2016,2020-11-24 6:15,29670,4601,FALSE,United Kingdom
Nigel,Ralton,Male,7/14/2013,2020-12-21 21:44,21187,7065,FALSE,United Kingdom
Tracy,Blayd,Female,12/31/2010,2020-12-11 11:01,25768,5274,FALSE,Australia
Reggie,Baume,Male,2/27/2018,2020-10-02 12:34,19390,4682,FALSE,Canada
Mart,Vedenichev,Male,9/6/2015,2020-12-06 4:29,705,2771,FALSE,Canada
Raffarty,Caverhill,Male,3/24/2010,2020-09-14 17:40,25703,659,TRUE,South Africa
Micky,Dumsday,Male,7/30/2010,2020-06-04 11:06,19364,2780,TRUE,Australia
Donnajean,Franciskiewicz,Female,6/18/2012,2020-06-26 23:53,16284,1259,TRUE,United Kingdom
Merrill,Handslip,Male,7/22/2017,2020-09-28 16:48,35137,4606,TRUE,Australia
Kendre,Tschierse,Female,6/28/2010,2020-09-27 4:46,37763,606,FALSE,Brazil
Pauletta,Eteen,Female,9/22/2013,2020-05-15 21:43,8061,5056,FALSE,Australia
Pauline,Chippin,Female,2/24/2017,2020-07-18 20:17,2418,753,FALSE,South Africa
Bran,Conaghy,,10/16/2016,2020-06-09 9:04,27790,1277,TRUE,Brazil
Alejandro,Bussell,Male,3/23/2012,2020-11-04 2:05,14741,4828,TRUE,Brazil
Zacherie,Myerscough,Male,8/16/2016,2020-12-03 3:37,21818,1572,FALSE,Australia
Grady,Loram,Male,5/5/2015,2020-12-05 7:13,22338,1332,FALSE,Japan
Butch,Brake,Male,8/5/2013,2020-11-03 5:10,1729,247,TRUE,United States
Trista,Dowbiggin,Female,8/13/2015,2020-08-06 7:51,33279,3349,FALSE,South Africa
Alexandro,Romanelli,Male,1/24/2017,2020-09-26 18:50,6601,6052,FALSE,Australia
Shayne,Westney,Male,12/8/2016,2020-06-21 17:29,29468,4176,TRUE,Canada
Angelique,Pettiward,Female,10/29/2017,2020-08-25 12:14,27260,1652,FALSE,Australia
Cameron,Le Bosse,Male,6/6/2012,2020-10-02 23:36,3058,3244,FALSE,Australia
Thatcher,Carrigan,Male,7/5/2015,2020-06-14 13:54,7409,6325,TRUE,United States
Olivia,Inchan,Female,11/20/2016,2020-08-24 20:52,36321,5526,TRUE,Canada
Eddie,O'Cannan,,1/14/2010,2020-10-07 12:59,23897,2872,TRUE,Japan
Bogart,Fiddy,Male,8/26/2017,2020-08-21 8:55,33697,1167,FALSE,Brazil
Emmit,Casado,Male,10/8/2011,2020-10-08 23:44,20553,1297,FALSE,South Africa
Jodee,Flanigan,Female,9/29/2010,2020-09-26 19:36,13467,3715,TRUE,United Kingdom
Althea,Grindlay,Female,2/18/2011,2020-09-11 18:18,21127,5222,TRUE,South Africa
Caterina,Girardoni,Female,9/19/2014,2020-05-14 14:21,28457,6652,FALSE,Australia
Jan,Pietzke,Male,3/27/2020,2020-10-10 12:04,37680,6932,FALSE,Australia
Zebadiah,Sandeson,Male,8/27/2010,2020-07-14 10:03,18102,1402,FALSE,Japan
Myrna,Medley,Female,12/26/2016,2020-06-18 23:34,37230,5008,TRUE,Brazil
Valentina,Szymonowicz,Female,5/13/2013,2020-07-21 10:07,18735,2689,TRUE,United Kingdom
Hadria,Scocroft,Female,8/28/2017,2020-11-20 9:58,31295,1436,FALSE,South Africa
Franz,Pavie,Male,10/14/2018,2020-09-21 5:01,1014,839,TRUE,United States
Townie,Swinyard,Male,1/25/2011,2020-10-09 4:58,7766,5112,FALSE,Canada
Waylon,Learmount,Male,7/22/2012,2020-06-02 20:46,5411,7340,FALSE,Japan
Gleda,Toderi,Female,1/8/2010,2020-05-23 22:18,31245,2772,TRUE,Japan
Moe,Esmead,Male,1/14/2014,2020-11-05 19:09,5741,5147,TRUE,United States
Brennen,Gant,Male,10/3/2014,2020-09-15 16:17,4704,225,TRUE,United States
Winni,Olsson,Female,1/28/2010,2020-12-14 21:20,12687,5685,TRUE,South Africa
Loree,Wilmington,Female,11/14/2018,2020-07-10 14:40,18419,4636,FALSE,Brazil
Lori,McLaverty,Female,2/2/2012,2020-11-10 7:57,10079,6690,FALSE,United States
Basilio,Krystof,Male,10/28/2014,2020-09-24 13:27,28579,5113,TRUE,Brazil
Marketa,Heyburn,Female,10/9/2018,2020-10-20 8:10,37438,2759,FALSE,Brazil
Abel,Puttan,Male,5/26/2019,2020-09-16 14:39,10158,7518,TRUE,Canada
Anabel,Elliot,Female,8/10/2015,2020-09-16 1:50,13316,6924,FALSE,South Africa
Cristine,Shatliff,Female,9/27/2018,2020-10-23 6:12,26101,1366,TRUE,United States
Peadar,Murricanes,Male,8/5/2018,2020-10-31 1:32,20690,4583,TRUE,Japan
Caterina,Loney,Female,8/28/2019,2020-09-08 5:35,30290,5588,TRUE,Brazil
Howard,Sterling,Male,10/1/2020,2020-08-06 9:35,21410,5226,TRUE,Australia
Jory,Nielson,Male,9/11/2011,2020-09-28 5:12,26419,2211,TRUE,Japan
Ricoriki,Kruschov,Male,5/22/2019,2020-10-17 7:15,21136,4119,FALSE,United Kingdom
Urson,Kesten,Male,3/9/2011,2020-11-27 1:56,26823,5352,TRUE,United States
Olin,Grinley,Male,9/21/2020,2020-11-25 5:47,8418,5921,TRUE,Brazil
Andrew,Delacoste,Male,12/27/2010,2020-12-06 19:35,2763,1359,TRUE,Australia
Margette,Squirrell,Female,6/15/2017,2020-06-18 11:00,14886,7041,TRUE,Canada
Kevina,Sinott,Female,6/26/2012,2020-05-13 10:53,9788,1916,FALSE,United States
Morten,Le Franc,Male,8/20/2019,2020-06-06 0:24,37124,2965,TRUE,United States
Stanley,Muckart,Male,3/4/2019,2020-06-29 7:44,11287,7331,TRUE,Brazil
Sheela,Serotsky,Female,6/12/2020,2020-11-25 14:23,12366,2378,TRUE,Brazil
Easter,Wanjek,Female,11/2/2012,2020-11-24 20:54,37405,3514,FALSE,United States
Rosalia,Leaves,Female,1/19/2013,2020-10-04 9:05,17053,4163,FALSE,United States
Brendin,Clouston,Male,6/12/2020,2020-09-16 18:17,29669,7409,FALSE,Canada
Friedrick,Crother,Male,7/25/2010,2020-06-18 23:42,15032,5241,TRUE,United Kingdom
Ignace,Shawyer,Male,8/5/2011,2020-07-14 18:25,532,2416,FALSE,Brazil
Abra,Fyfield,Female,8/21/2017,2020-06-18 2:52,30636,6468,TRUE,Japan
Naomi,Rodwell,Female,3/25/2019,2020-11-16 12:02,16591,780,TRUE,Canada
Antonella,Terzi,Female,5/9/2017,2020-08-09 22:15,17760,1996,FALSE,Canada
Ruy,Ashleigh,Male,7/23/2020,2020-11-13 22:37,4416,1701,FALSE,South Africa
Joanne,Gallety,Female,11/30/2017,2020-11-19 18:50,30268,7139,FALSE,Australia
Seamus,Bukowski,Male,9/19/2019,2020-07-16 9:10,21080,1324,FALSE,United Kingdom
Abrahan,Keeling,Male,4/20/2011,2020-10-22 8:32,3371,1177,FALSE,Australia
Clive,Sergeant,Male,1/23/2012,2020-12-25 9:01,27866,596,FALSE,Japan
Nadya,Donaway,Female,12/25/2019,2020-10-02 1:16,15932,6430,FALSE,Australia
Den,Baudy,Male,4/27/2010,2020-06-12 6:32,32174,3628,FALSE,Brazil
Kimberlee,Walentynowicz,Female,12/27/2009,2020-05-14 18:54,8547,6700,FALSE,Brazil
Joyce,MacRedmond,Female,2/15/2019,2020-12-05 3:58,2182,960,TRUE,South Africa
Trey,Tongue,Male,1/4/2013,2020-07-29 20:12,37993,7081,TRUE,Australia
Anabelle,Cryer,Female,12/4/2019,2020-06-01 11:43,32231,1093,FALSE,Brazil
Luce,Glaister,Male,9/24/2015,2020-07-04 23:06,36666,5932,TRUE,South Africa
Alfy,Drakeley,Female,9/8/2019,2020-10-22 5:56,36189,5745,TRUE,United Kingdom
Nickie,Fearnill,Female,8/30/2020,2020-06-01 19:24,4080,1346,TRUE,Japan
Aloin,Di Gregorio,Male,9/27/2016,2020-09-21 11:33,25456,3916,TRUE,Australia
Nadeen,Cackett,Female,5/12/2020,2020-12-08 0:55,9913,2189,TRUE,Canada
Gerard,Wales,Male,1/25/2019,2020-11-30 19:52,20392,1429,TRUE,Japan
Nicolai,Garley,Male,12/3/2018,2020-07-05 5:57,7816,1195,FALSE,Canada
Joete,Vreede,Female,4/6/2010,2020-12-22 11:55,9749,7180,TRUE,Brazil
Yurik,O'Dowd,Male,2/8/2020,2020-08-11 13:46,975,7380,FALSE,Brazil
Dewie,Origin,Male,12/12/2013,2020-08-21 9:09,6572,3510,TRUE,Australia
Gail,Shepeard,Male,12/8/2015,2020-07-02 2:12,5154,6425,FALSE,Canada
Sigrid,Syce,Female,3/7/2011,2020-12-13 4:54,1883,1252,FALSE,Australia
Sarita,Rastrick,Female,12/20/2015,2020-10-22 14:37,12589,2998,FALSE,Brazil
Eryn,Gibbieson,Female,11/1/2015,2020-10-18 8:47,4049,7140,FALSE,United States
Bondy,Gunnell,Male,4/27/2015,2020-10-19 21:09,4809,5504,FALSE,Brazil
Arri,Hentzeler,Male,7/11/2014,2020-11-16 4:57,3395,5805,TRUE,United States
Una,Tabrett,Female,4/17/2017,2020-09-04 23:14,14248,2040,TRUE,Brazil
Debor,Claiden,Female,8/27/2016,2020-06-26 1:22,13332,4109,TRUE,United Kingdom
Cristian,King,Male,3/9/2014,2020-07-10 21:54,33896,5791,TRUE,Canada
Merrill,Brighty,Male,9/29/2012,2020-09-21 6:45,29611,518,TRUE,Canada
Donnamarie,Forstall,Female,12/6/2013,2020-09-02 6:31,14864,3484,TRUE,Japan
Ginnie,Ferrer,Female,9/26/2013,2020-11-05 3:13,29833,6038,FALSE,United States
Agnella,Cartmer,Female,1/6/2014,2020-10-17 15:16,29766,2481,FALSE,Australia
Lucretia,Stiling,Female,5/19/2014,2020-09-12 15:50,22489,375,TRUE,United Kingdom
Ronny,Fallows,Female,3/1/2014,2020-12-09 10:06,25650,2900,FALSE,Canada
Reagen,Skoate,Male,12/29/2011,2020-09-26 22:18,29473,4628,FALSE,United Kingdom
Zebulen,Stoyle,Male,9/16/2018,2020-07-25 15:15,14970,3705,FALSE,Japan
Margo,Bedinham,Female,4/6/2019,2020-11-27 3:04,36976,5359,FALSE,United States
Kaila,Kimmitt,Female,8/21/2019,2020-08-28 2:16,25880,4484,FALSE,United Kingdom
Alma,Hoult,Female,7/29/2010,2020-05-24 14:07,21367,4291,FALSE,Canada
Cynthea,Stobo,Female,9/9/2012,2020-05-15 2:43,26369,5801,TRUE,Canada
Gayler,McSwan,Male,5/2/2016,2020-11-23 1:39,36068,2991,TRUE,Japan
Sigismund,Rawstorn,Male,3/5/2020,2020-11-25 14:16,13080,7274,FALSE,United Kingdom
Petunia,Jimenez,Female,10/28/2014,2020-06-06 3:37,19258,138,TRUE,United States
Viviene,Moye,Female,10/24/2020,2020-07-16 13:11,21851,571,TRUE,Japan
Connie,Hemerijk,Female,1/21/2014,2020-06-25 2:55,31971,989,TRUE,South Africa
Cecile,Gasnell,Female,9/26/2020,2020-11-14 10:02,7518,1814,TRUE,South Africa
Cindy,Piercey,Female,1/29/2016,2020-08-29 3:36,7690,4029,TRUE,United States
Benedikta,Sleightholme,Female,1/28/2017,2020-11-27 8:23,24509,463,FALSE,South Africa
Manfred,Messer,Male,8/17/2013,2020-05-26 0:02,8100,5599,FALSE,Brazil
Dar,Bufton,Male,8/21/2020,2020-07-31 9:41,12615,6798,TRUE,United Kingdom
Nani,Gosalvez,Female,2/10/2019,2020-11-17 5:34,26011,1649,FALSE,United Kingdom
Justus,Burgise,Male,7/31/2019,2020-06-05 12:21,28357,4549,FALSE,Canada
Roman,Edel,Male,12/8/2017,2020-08-28 3:03,33653,6143,FALSE,Canada
Jannel,Maidlow,Female,1/23/2020,2020-11-11 14:05,24846,3193,TRUE,South Africa
Michelle,Lardiner,Female,2/25/2012,2020-05-12 14:29,16681,4127,FALSE,United Kingdom
Rikki,Duckerin,Female,3/24/2012,2020-09-11 2:19,27117,7258,TRUE,Canada
Rayner,Scay,Male,5/9/2018,2020-06-22 3:01,14089,5321,FALSE,South Africa
Tisha,Jewett,Female,12/6/2019,2020-12-19 8:33,9023,6781,FALSE,United Kingdom
Mariann,Cashley,Female,3/25/2013,2020-08-30 18:30,33264,1378,TRUE,Canada
Erena,Minithorpe,Female,1/9/2013,2020-09-20 8:54,36146,2644,FALSE,South Africa
Hurlee,Kingzeth,Male,3/26/2016,2020-08-03 11:31,33839,397,TRUE,South Africa
Fred,McCumesky,Female,9/30/2017,2020-10-14 12:35,10910,6575,TRUE,Japan
Jocko,Waldren,Male,4/12/2012,2020-05-20 6:20,5967,2765,TRUE,Australia
Ebenezer,Szymanowicz,Male,6/18/2012,2020-05-12 21:08,14346,7355,TRUE,Australia
Humphrey,Print,Male,8/17/2012,2020-07-19 13:24,2640,5410,TRUE,United Kingdom
Damara,Copner,Female,3/5/2012,2020-08-16 9:28,19478,4393,TRUE,United States
Sandy,Fowells,Male,2/26/2014,2020-08-23 2:28,21214,5290,TRUE,Japan
Mommy,Messier,Female,9/16/2016,2020-08-04 12:12,31919,3359,FALSE,Japan
Candy,Bodman,Female,10/5/2012,2020-07-16 12:58,8805,3123,FALSE,United States
Brion,Matusiak,Male,12/27/2011,2020-08-25 12:49,12091,513,TRUE,Brazil
Obadiah,Baynam,Male,1/21/2011,2020-12-14 23:46,22188,483,TRUE,South Africa
Valaria,Whorton,Female,8/30/2013,2020-09-28 14:11,9283,6217,TRUE,United States
Morris,Skyppe,Male,4/16/2011,2020-11-16 8:28,19213,3239,TRUE,South Africa
Rudyard,Goodee,Male,1/17/2014,2020-07-20 19:11,27447,7296,TRUE,South Africa
Beau,Crinage,Male,2/2/2011,2020-06-21 12:11,25953,5370,TRUE,United States
Frankie,Davson,Male,3/29/2020,2020-08-06 9:56,11017,2206,TRUE,United States
Danya,Soot,Male,12/20/2015,2020-10-18 13:08,10098,1241,FALSE,Canada
Calli,Semple,Female,7/7/2013,2020-08-19 17:04,24508,7267,TRUE,South Africa
Linet,Bertomeu,Female,12/12/2010,2020-06-19 14:57,22037,6035,FALSE,United States
Emanuele,Sent,Male,12/16/2017,2020-12-11 9:16,25159,2757,TRUE,Canada
Kelwin,Chipperfield,Male,9/9/2017,2020-06-11 16:36,28409,251,TRUE,Brazil
Garth,Ratray,Male,5/17/2020,2020-09-26 22:43,18024,360,FALSE,Canada
Roxanne,Kohrsen,Female,6/10/2015,2020-09-24 5:09,24207,5013,FALSE,United Kingdom
Bette-ann,Swainger,Female,4/25/2017,2020-08-25 4:21,24733,5263,FALSE,Brazil
Kaia,Durning,Female,4/4/2017,2020-11-16 0:50,27783,5220,FALSE,Canada
Julius,McOnie,Male,8/22/2016,2020-11-22 15:49,36789,1347,TRUE,Japan
Jereme,Lamswood,Male,4/6/2014,2020-09-25 14:22,16955,629,TRUE,United Kingdom
Antoinette,Erni,Female,5/7/2013,2020-07-01 14:11,33074,3881,FALSE,United Kingdom
Steffen,Jackett,Male,4/4/2011,2020-05-26 2:08,15647,2677,TRUE,Brazil
Gustie,Skillington,Female,5/18/2010,2020-10-14 9:12,4104,2216,TRUE,Japan
Cornell,Nerger,Male,1/18/2019,2020-12-22 13:20,21378,1709,TRUE,Brazil
Yankee,McGibbon,Male,8/4/2016,2020-10-15 17:08,36113,6535,FALSE,South Africa
Daryle,Rozalski,Male,5/14/2013,2020-09-08 4:52,37117,2912,TRUE,Australia
Tammie,Anthona,Female,8/24/2013,2020-11-13 11:11,12074,4434,TRUE,South Africa
Jordan,Plews,Male,8/31/2017,2020-12-08 15:15,21143,7232,FALSE,United States
Daloris,Chippendale,Female,3/22/2013,2020-10-06 7:02,32348,1643,TRUE,Canada
Kasper,Elsip,Male,7/28/2015,2020-09-13 11:18,7742,2239,FALSE,South Africa
Karmen,Clell,Female,10/1/2011,2020-06-21 23:57,19869,3481,TRUE,Japan
Byron,Whapple,Male,9/3/2020,2020-11-03 6:26,21629,2649,TRUE,Brazil
Ricky,Moughtin,Female,10/3/2017,2020-12-21 8:20,9244,6414,FALSE,South Africa
Nels,Grimley,Male,11/5/2014,2020-07-15 12:57,35125,1144,FALSE,United Kingdom
Allegra,Kolczynski,Female,5/29/2020,2020-06-26 23:04,3664,1790,FALSE,Brazil
Starlene,Romi,Female,4/9/2019,2020-08-01 16:26,27660,2625,TRUE,Canada
Daisi,Penton,Female,5/14/2015,2020-12-13 17:01,23689,4425,TRUE,Australia
Silvan,Blackston,Male,7/2/2020,2020-07-10 1:16,1963,5029,FALSE,Australia
Andee,Thoresby,Female,1/3/2020,2020-07-30 20:16,26048,3096,TRUE,Australia
Hope,Ortes,Female,5/14/2013,2020-05-21 22:15,37659,121,FALSE,Brazil
Chickie,Kleinerman,Male,11/26/2014,2020-07-21 22:18,1457,7445,TRUE,Australia
Carolin,Endicott,Female,7/10/2017,2020-08-14 19:36,15950,283,FALSE,United Kingdom
Prentiss,Beall,Male,2/1/2018,2020-11-25 18:57,16436,7448,FALSE,Canada
Noel,Crotch,Female,1/20/2019,2020-08-05 13:01,15241,5720,TRUE,United States
Farlie,Gobeau,Male,8/23/2019,2020-06-22 4:31,15491,5886,FALSE,United Kingdom
Celisse,St Angel,Female,5/26/2018,2020-10-21 10:12,26472,1108,FALSE,Australia
Alfons,Gertz,Male,1/13/2011,2020-11-05 9:12,8740,2724,FALSE,United States
Mel,Merigon,Male,9/6/2011,2020-12-07 20:16,2232,2426,FALSE,Brazil
Anabella,Jossum,Female,11/27/2018,2020-11-05 7:47,13717,2484,TRUE,United Kingdom
Lutero,Fawdery,Male,10/6/2018,2020-09-22 11:52,32467,4357,FALSE,Canada
Tim,Tulleth,Female,5/15/2014,2020-08-13 5:35,21143,2681,TRUE,Canada
Shermy,Mathwen,Male,12/31/2018,2020-11-30 17:36,14097,2987,TRUE,Japan
Tann,Durie,Male,12/6/2011,2020-08-29 6:19,34099,5964,TRUE,United States
Audrey,Celier,Female,6/12/2016,2020-11-18 14:38,32366,6056,FALSE,Japan
Cheston,Jeffery,Male,3/28/2016,2020-07-27 9:47,11740,3970,TRUE,Australia
Kaitlin,Wennam,Female,2/18/2010,2020-05-25 10:28,14649,137,FALSE,United Kingdom
Sven,Gavigan,Male,9/13/2013,2020-11-23 12:57,9339,3322,FALSE,Japan
Crysta,McTrustam,Female,3/14/2010,2020-06-24 11:46,1916,2601,TRUE,Brazil
Andre,Clemow,Male,2/26/2016,2020-10-09 20:40,22447,4978,FALSE,Brazil
Nathan,Donke,Male,1/19/2011,2020-05-26 18:31,13194,4716,FALSE,Brazil
Davina,Dolman,Female,11/3/2013,2020-05-19 9:18,9312,4529,TRUE,Brazil
Imelda,Devoy,Female,7/1/2012,2020-08-31 18:14,5675,2953,TRUE,South Africa
Alfons,Gever,Male,8/12/2020,2020-05-22 23:30,2000,2946,FALSE,Australia
Ezmeralda,Bringloe,Female,5/31/2011,2020-10-08 1:16,1102,7283,TRUE,United Kingdom
Wilek,Arden,Male,9/30/2010,2020-12-06 3:15,29924,156,FALSE,United States
Guillemette,Salvage,Female,4/27/2012,2020-09-07 4:36,10664,3146,FALSE,Brazil
Milka,Bowick,Female,9/1/2016,2020-12-13 12:22,26535,5260,TRUE,Brazil
Angelique,Wegman,Female,9/1/2011,2020-11-09 7:56,21996,2945,FALSE,Australia
Toiboid,Wincer,Male,1/25/2013,2020-10-11 12:35,9362,4264,FALSE,South Africa
Redford,Lafranconi,Male,2/10/2019,2020-06-18 9:46,26997,685,FALSE,Australia
Alanna,Mattityahou,Female,11/14/2019,2020-09-03 11:46,27426,3531,TRUE,South Africa
Vickie,Scrymgeour,Female,9/14/2013,2020-09-22 7:08,37369,7071,TRUE,Australia
Maureen,Trustram,Female,12/12/2016,2020-07-07 2:30,15497,770,FALSE,United Kingdom
Rabbi,Belk,Male,12/1/2014,2020-06-09 3:49,19520,4005,FALSE,Japan
Amble,Hulburd,Male,8/12/2013,2020-09-18 23:28,25122,4565,TRUE,United States
Adham,Tantum,Male,11/1/2012,2020-06-16 13:40,21518,6897,FALSE,South Africa
Benito,Lumsdon,Male,6/22/2019,2020-06-01 14:53,27564,4803,FALSE,United States
Deirdre,Mounfield,Female,6/5/2013,2020-11-15 10:03,24567,383,FALSE,Japan
Madelena,McGinly,Female,7/7/2011,2020-07-14 22:02,14369,1745,FALSE,Canada
Lanny,Attenbrough,Male,8/8/2017,2020-09-18 18:05,2849,3022,FALSE,Canada
Goraud,Garces,Male,9/6/2010,2020-08-27 7:37,11986,460,FALSE,United States
Karlotte,Peaddie,Female,7/22/2015,2020-08-26 13:10,3747,2052,TRUE,Japan
Zachery,Leads,Male,9/21/2018,2020-07-23 14:25,6506,6763,TRUE,Australia
Konstantin,Fullylove,Male,1/8/2013,2020-07-28 22:49,9104,3038,TRUE,United States
Jonis,Wooderson,Female,11/25/2012,2020-11-16 11:55,31685,2266,TRUE,Brazil
Brant,Reames,Male,11/23/2012,2020-06-05 22:41,35762,4313,FALSE,United Kingdom
Cordey,Picton,Female,9/13/2016,2020-06-19 11:28,1378,3421,TRUE,Canada
Bert,Woolvett,Male,2/25/2020,2020-12-20 20:13,11389,4729,FALSE,United States
Iolanthe,Urry,Female,4/20/2020,2020-11-20 11:28,22217,6445,FALSE,United States
Ingunna,Trunks,Female,3/9/2017,2020-07-02 21:17,26027,6671,TRUE,Canada
Stepha,Turrill,Female,6/26/2011,2020-07-06 12:07,16515,7081,TRUE,Canada
Rorke,Jeste,Male,8/14/2014,2020-08-10 20:44,1453,7230,TRUE,United Kingdom
Jermayne,Addicote,Male,9/27/2012,2020-09-27 19:25,16414,1725,FALSE,United Kingdom
Cathlene,Billo,Female,9/4/2010,2020-10-25 14:10,23706,5943,TRUE,Japan
Shirleen,Bordman,Female,1/3/2013,2020-11-21 7:37,24652,3004,FALSE,United Kingdom
Tobye,Lisciandri,Female,2/5/2010,2020-06-03 21:12,35132,4840,FALSE,United States
Kessia,Darte,Female,3/6/2014,2020-05-28 17:02,37161,521,FALSE,United States
Silvanus,Demke,Male,3/29/2020,2020-08-31 1:04,30181,3856,FALSE,Brazil
Carmita,Mepsted,Female,3/2/2012,2020-12-22 1:18,27975,6469,FALSE,Canada
Beltran,Alberti,Male,9/13/2011,2020-09-11 3:11,37729,3189,FALSE,Japan
Roth,Kenford,Male,2/16/2011,2020-11-29 20:44,35192,4612,TRUE,Australia
Eileen,Hulkes,Female,5/10/2020,2020-05-18 3:30,1194,2917,TRUE,South Africa
Hamilton,Peterson,Male,5/22/2017,2020-08-30 10:57,37993,1348,FALSE,United Kingdom
Amitie,Halkyard,Female,11/5/2011,2020-07-17 21:06,10000,6489,FALSE,Canada
Hillard,Brookson,Male,10/30/2018,2020-07-05 18:34,7177,6248,FALSE,Australia
Lacee,Wrout,Female,10/12/2011,2020-07-08 12:37,34896,4774,TRUE,United Kingdom
Briggs,Sargison,Male,2/11/2010,2020-10-20 0:16,33210,683,TRUE,Australia
Dorita,Barrowclough,Female,8/19/2011,2020-09-14 3:09,36804,1470,FALSE,Japan
Roslyn,Fitton,Female,1/2/2018,2020-07-18 14:12,4803,7475,TRUE,Japan
Violante,Hoyle,Female,1/7/2010,2020-12-10 15:43,36972,2705,FALSE,United Kingdom
Oralee,Horry,Female,2/5/2019,2020-10-19 17:44,13520,2066,TRUE,Canada
Alison,Sutor,Female,12/31/2013,2020-10-05 23:31,35567,1476,FALSE,Canada
Drusie,Mallison,Female,8/19/2012,2020-09-07 7:55,3954,636,TRUE,South Africa
Noll,Whybrow,Male,12/7/2011,2020-11-03 15:04,14319,4275,FALSE,Canada
Babb,Ginsie,Female,9/19/2019,2020-08-08 21:22,33577,7467,FALSE,United Kingdom
Perren,Neiland,Male,1/12/2016,2020-05-24 9:43,16660,6422,FALSE,Australia
Gerri,Goodburn,Male,1/4/2012,2020-05-13 19:36,5825,1857,FALSE,United States
Cathe,Withrop,Female,3/3/2014,2020-05-14 16:24,19643,2759,FALSE,Japan
Tilda,Duddy,Female,3/26/2010,2020-06-04 21:31,30558,3366,FALSE,United States
Genna,Bulter,Female,10/22/2012,2020-07-11 0:17,6952,2682,FALSE,Australia
Evyn,McConnal,Male,4/6/2017,2020-06-03 21:00,9465,2727,TRUE,United Kingdom
Kore,Siss,Female,3/7/2016,2020-12-02 11:16,13644,1837,FALSE,United Kingdom
Pansie,Melsome,Female,9/30/2010,2020-10-23 20:07,21828,3267,TRUE,United States
Eldridge,Southouse,Male,2/8/2020,2020-09-28 22:57,31752,1296,FALSE,Australia
Dud,Colcomb,Male,1/15/2010,2020-07-05 4:00,27309,5586,FALSE,United Kingdom
Rudyard,Yaus,Male,5/20/2018,2020-12-15 22:43,22956,2336,TRUE,Brazil
Kit,Gritton,Male,3/27/2013,2020-07-15 21:54,34381,625,TRUE,Canada
Trisha,Fonquernie,Female,11/27/2019,2020-11-22 4:20,6909,3939,FALSE,Canada
Tammie,Whiterod,Male,8/4/2020,2020-09-03 4:05,14145,4029,FALSE,United States
Laurie,Creedland,Female,6/4/2013,2020-10-21 2:37,13094,6522,FALSE,Australia
Ursala,Grigoroni,Female,3/25/2012,2020-09-14 7:37,336,7441,TRUE,United Kingdom
Polly,Kebell,Female,5/23/2012,2020-07-07 12:54,20562,5071,FALSE,Brazil
Barbra,Garwood,Female,9/18/2013,2020-09-02 17:24,28479,3679,TRUE,Japan
Theobald,Parish,Male,4/1/2014,2020-08-17 3:39,27023,2382,FALSE,South Africa
Holden,Fritchley,Male,3/23/2017,2020-05-26 1:29,18159,7309,TRUE,Japan
Beatrisa,Drysdall,Female,6/20/2013,2020-07-18 22:32,6960,7397,TRUE,United Kingdom
Sheridan,Leipold,Male,2/21/2013,2020-07-07 23:59,28834,1733,FALSE,United States
Katlin,Barford,Female,1/15/2020,2020-05-19 19:19,32925,1694,TRUE,United States
Gustave,Halford,Male,10/1/2019,2020-11-30 0:02,37736,6373,TRUE,Canada
Nelie,Humerstone,Female,7/20/2019,2020-09-06 22:27,24919,1858,TRUE,South Africa
Harald,Jewel,Male,5/23/2018,2020-05-20 10:18,17293,593,FALSE,United States
Reinaldo,Mattiello,Male,5/15/2016,2020-07-19 6:31,15918,4411,TRUE,South Africa
Darrick,Walkington,Male,3/20/2018,2020-12-04 19:27,7559,852,TRUE,United Kingdom
Mellie,Halse,Female,1/18/2012,2020-06-29 1:06,18323,4327,FALSE,United Kingdom
Leonie,Please,Female,8/2/2010,2020-12-22 18:01,23364,4946,TRUE,Japan
Diego,Smeeton,Male,4/30/2015,2020-09-06 15:26,7168,6586,FALSE,Brazil
Gustavus,Girardey,Male,8/16/2020,2020-06-15 23:24,14289,3113,FALSE,Brazil
Gabriella,Lemanu,Female,3/26/2011,2020-05-30 1:09,21054,1931,TRUE,Canada
Joe,Paslow,Male,8/7/2012,2020-11-26 18:23,12972,6880,TRUE,Australia
Camille,Gromley,Female,9/3/2020,2020-05-12 3:05,9668,2448,TRUE,United States
Tootsie,Holstein,Female,2/9/2010,2020-06-23 6:59,34927,119,TRUE,Canada
Philippe,Foggo,Female,2/28/2020,2020-09-06 18:44,5722,5812,TRUE,Australia
Sharla,Belderson,Female,7/6/2015,2020-11-25 3:07,33282,1086,TRUE,South Africa
Rhona,Pieter,Female,1/25/2014,2020-07-15 11:50,28304,7173,FALSE,Japan
Amberly,Bonsall,Female,11/18/2017,2020-11-24 22:08,8564,6994,TRUE,Australia
Renell,Adds,Female,5/16/2011,2020-10-07 23:41,33893,475,TRUE,Brazil
Diego,Tythacott,Male,9/15/2019,2020-07-18 10:05,21094,1625,FALSE,Australia
Tracie,Shipton,Female,6/29/2020,2020-06-17 9:57,26207,7485,FALSE,South Africa
Goober,Zoephel,Male,6/29/2019,2020-09-22 3:17,37886,1680,FALSE,Australia
Prinz,Chasmoor,Male,11/25/2015,2020-12-15 20:51,34910,4412,TRUE,United Kingdom
Eddie,Gilcrist,Male,11/16/2012,2020-05-19 15:32,30499,325,FALSE,Canada
Dinny,Tratton,Female,8/19/2019,2020-09-12 23:18,31719,6662,FALSE,Brazil
Ynez,Dehmel,Female,8/28/2015,2020-08-17 13:04,34737,5166,FALSE,Japan
Henrik,Pringell,Male,4/24/2013,2020-09-07 8:14,33491,6792,TRUE,Brazil
Clovis,Calliss,Female,7/11/2013,2020-11-02 9:16,18554,3546,TRUE,United Kingdom
Tadeas,Cabble,Male,12/28/2019,2020-08-08 7:44,34356,891,FALSE,Japan
Bibbie,Snoddon,Female,3/9/2012,2020-12-14 16:58,6997,3021,FALSE,Japan
Hilario,Worral,Male,11/3/2017,2020-08-13 14:28,14290,7443,TRUE,United States
Craggy,FitzGilbert,Male,3/17/2019,2020-05-21 14:18,11171,2163,FALSE,United Kingdom
Ignatius,Rubinchik,Male,8/21/2011,2020-12-14 13:23,24589,7577,FALSE,South Africa
Valdemar,Statham,Male,11/10/2013,2020-10-04 22:58,4257,1704,TRUE,United States
Adan,Calway,Male,10/17/2011,2020-11-26 6:11,19386,7557,TRUE,Canada
Harrison,Goldingay,Male,3/25/2018,2020-10-07 9:10,29454,259,FALSE,Australia
Effie,Fiddler,Female,11/5/2018,2020-06-15 7:11,33354,3125,FALSE,Canada
Grover,Provis,Male,4/19/2013,2020-08-21 14:55,4338,4485,TRUE,Brazil
Ilysa,Thomtson,Female,12/20/2014,2020-09-28 15:53,12033,6196,TRUE,United Kingdom
Cord,Dumbare,Male,3/25/2020,2020-12-08 16:55,25076,3295,TRUE,Canada
Rici,Farmer,Female,11/28/2015,2020-11-10 4:16,2463,3612,TRUE,Brazil
Ebony,Kenryd,Female,1/22/2012,2020-12-07 17:59,29867,6596,FALSE,United Kingdom
Arlinda,Gueinn,Female,12/2/2010,2020-08-03 3:48,9264,614,TRUE,Australia
Madelon,Stronack,Female,8/7/2010,2020-10-07 15:06,6935,3600,FALSE,Canada
La verne,Juschke,Female,2/6/2011,2020-06-20 9:52,24910,6273,FALSE,South Africa
Jobey,Message,Female,11/9/2015,2020-12-22 9:11,34926,3597,TRUE,Brazil
Cari,Fredi,Female,2/11/2014,2020-11-27 4:14,11155,2873,TRUE,Australia
Isobel,Terrans,Female,10/28/2012,2020-10-27 21:08,7389,5872,FALSE,United Kingdom
Humfrey,Drinkeld,Male,1/5/2011,2020-10-26 0:00,9955,6557,FALSE,Australia
Kaspar,Birt,Male,10/11/2020,2020-06-18 13:08,8669,5406,FALSE,South Africa
Jody,Maguire,Female,10/8/2018,2020-12-01 2:53,21711,1632,FALSE,Japan
Rowena,Ferreres,Female,12/29/2016,2020-05-23 23:59,5290,5508,TRUE,United States
Currie,Bolger,Male,5/11/2016,2020-09-29 9:37,7896,6848,TRUE,United States
Mari,Gwillym,Female,8/17/2011,2020-05-26 22:48,28413,3181,FALSE,United States
Celinka,Ticic,Female,11/26/2015,2020-08-09 11:44,28955,2623,TRUE,United States
Arlena,Leere,Female,12/28/2019,2020-11-23 10:54,3712,2318,FALSE,United States
Bruno,Kelwaybamber,Male,2/15/2019,2020-08-09 5:58,34522,5708,FALSE,Japan
Ediva,Faithorn,Female,5/14/2020,2020-11-04 6:06,15070,6628,FALSE,Canada
Quinn,Minchinton,Male,8/8/2016,2020-05-16 1:23,17768,6006,FALSE,United States
Noella,Coverley,Female,6/25/2011,2020-11-18 6:49,32887,7269,FALSE,Canada
Morgun,Fyndon,Male,7/5/2012,2020-12-21 23:29,27116,3956,FALSE,South Africa
Reeva,Bouller,Female,6/30/2020,2020-07-04 10:07,10946,4660,TRUE,South Africa
Ingar,Trevor,Male,10/24/2017,2020-05-17 10:38,29129,4318,FALSE,Brazil
Quentin,Andino,Male,9/3/2016,2020-08-08 12:25,10277,6484,FALSE,United Kingdom
Alyson,O'Kynsillaghe,Female,12/4/2017,2020-07-10 7:25,8927,4603,TRUE,United States
Othello,Goldthorpe,Male,9/30/2012,2020-07-06 10:42,21289,6391,TRUE,South Africa
Ephrayim,Janovsky,Male,10/14/2019,2020-07-03 20:55,22896,3058,FALSE,United States
Pooh,MacLleese,Male,9/16/2013,2020-10-21 3:59,21393,7203,TRUE,South Africa
Dacie,Swadlin,Female,4/5/2012,2020-05-30 1:24,13324,6614,TRUE,Japan
Sheelagh,O'Moylane,Female,4/3/2010,2020-08-16 23:44,7808,536,FALSE,United Kingdom
Bunnie,Halbeard,Female,6/1/2015,2020-05-27 7:54,20299,667,TRUE,South Africa
Carey,Andrault,Male,3/21/2018,2020-09-25 2:29,25429,4624,FALSE,Brazil
Zelig,Nicholas,Male,12/13/2018,2020-11-05 0:26,5162,96,TRUE,United States
David,Sandwich,Male,10/4/2015,2020-07-04 10:55,3519,6063,FALSE,Brazil
Nicol,Baiyle,Male,2/12/2010,2020-09-06 19:37,37253,2595,TRUE,United Kingdom
Judith,Fawlkes,Female,8/11/2017,2020-08-28 17:30,18930,2184,TRUE,United Kingdom
Adams,Ashborne,Male,4/22/2011,2020-07-21 7:14,5925,6449,TRUE,Brazil
Tonnie,Tombleson,Male,11/9/2011,2020-11-28 11:31,10852,7469,TRUE,Japan
Gus,Kulicke,Male,6/24/2014,2020-06-05 14:21,34332,1055,TRUE,Brazil
Katrina,Klulisek,Female,11/4/2012,2020-05-30 7:53,21660,6267,FALSE,Japan
Gale,Rowsel,Male,2/17/2013,2020-09-17 3:56,20687,2272,FALSE,United Kingdom
Dara,Mawhinney,Female,1/14/2011,2020-12-23 17:51,4187,555,TRUE,Brazil
Manon,Serjeant,Female,5/21/2011,2020-12-15 4:34,27984,4112,TRUE,Brazil
Noel,Lenney,Female,3/25/2020,2020-09-18 18:18,12582,4754,FALSE,Australia
Bamby,Le Fevre,Female,3/31/2015,2020-11-27 16:37,19619,1144,TRUE,Brazil
Cammie,O'Dogherty,Female,4/28/2018,2020-09-23 17:33,18331,7520,FALSE,Australia
Jorgan,Gooddy,Male,9/15/2016,2020-10-20 16:24,2921,7116,FALSE,United States
Carleton,Privett,Male,8/24/2019,2020-05-16 9:26,15266,7162,FALSE,Brazil
Artemis,Kob,Male,12/9/2011,2020-12-07 20:57,29202,5171,FALSE,Canada
Claude,Habbershon,Female,6/17/2016,2020-11-22 23:16,27146,398,FALSE,Japan
Sax,Winham,Male,11/7/2010,2020-11-28 6:52,33674,3571,TRUE,South Africa
Ethelyn,McKague,Female,2/10/2011,2020-11-12 8:00,35445,6141,TRUE,United Kingdom
Analise,Carlton,Female,3/17/2019,2020-08-26 9:50,5637,3471,TRUE,United States
Connor,MacAdam,Male,11/6/2015,2020-11-24 8:33,3153,6303,TRUE,United Kingdom
Paddy,Geillier,Male,7/6/2014,2020-09-09 4:35,14278,4050,TRUE,Japan
Cristen,Penbarthy,Female,2/7/2014,2020-05-20 14:15,21559,5182,TRUE,Brazil
Latrena,Rogister,Female,12/28/2012,2020-12-13 16:36,6166,3426,FALSE,United States
Agnesse,Mollene,Female,1/2/2012,2020-07-13 8:18,4101,5489,FALSE,Australia
Wainwright,Waslin,Male,7/30/2016,2020-07-20 13:19,7863,4567,FALSE,Brazil
Carmina,Chappel,Female,10/30/2014,2020-06-08 22:20,33053,6507,TRUE,Japan
Claus,Billett,Male,4/29/2017,2020-08-15 20:32,19587,1497,FALSE,United States
Denney,Espy,Male,6/19/2011,2020-10-07 14:11,11095,7267,FALSE,Brazil
Evangelin,Cariss,Female,6/6/2017,2020-05-31 17:17,6151,7140,FALSE,United States
Amaleta,Hutt,Female,8/21/2012,2020-10-19 8:55,17357,3788,FALSE,Australia
Claudianus,Casado,Male,9/11/2012,2020-08-29 5:23,434,122,FALSE,United Kingdom
York,Tunnadine,Male,12/26/2013,2020-06-05 1:22,4278,2984,FALSE,Canada
Edgar,Lurner,Male,12/24/2018,2020-11-25 21:47,33582,2599,FALSE,United States
Frasier,Harget,Male,2/12/2019,2020-06-25 8:15,31872,2451,FALSE,Brazil
Perkin,Pedroni,Male,5/18/2018,2020-05-27 16:11,30374,1463,FALSE,South Africa
Orel,De Blase,Female,7/7/2012,2020-07-04 21:13,11546,3251,TRUE,United Kingdom
Dory,Rangeley,Female,7/29/2018,2020-08-29 7:48,34303,3109,FALSE,United Kingdom
Kara-lynn,Andreone,Female,7/19/2019,2020-07-28 6:19,9723,6571,TRUE,Brazil
Vittorio,Pellington,Male,11/3/2019,2020-11-07 6:24,20319,5941,TRUE,Brazil
Abra,Bleythin,Female,4/12/2017,2020-12-16 19:39,28690,4627,FALSE,Japan
Frederigo,Cockshot,Male,7/3/2012,2020-08-21 14:47,10609,766,TRUE,South Africa
Kary,Topping,Female,6/15/2020,2020-11-15 14:39,24319,6586,FALSE,Brazil
Darbie,Ellis,Female,8/7/2015,2020-06-19 20:37,18511,4622,TRUE,Japan
Allen,Karoly,Male,5/9/2019,2020-09-12 19:19,29719,2492,TRUE,United Kingdom
Suzann,McCarroll,Female,9/25/2018,2020-05-27 15:42,12894,5690,TRUE,United Kingdom
Darius,Bezzant,Male,7/30/2018,2020-07-16 7:15,10542,5957,FALSE,Brazil
Gil,Tompkinson,Male,6/5/2017,2020-09-29 3:11,19678,235,FALSE,Japan
Valry,Gepp,Female,7/31/2018,2020-05-23 20:15,2965,5234,TRUE,United Kingdom
Irving,Lots,Male,7/10/2016,2020-09-14 17:46,36541,5780,TRUE,Brazil
Arnoldo,Bowgen,Male,12/27/2018,2020-06-15 21:06,32175,4396,TRUE,Japan
Emelita,Grindall,Female,11/18/2012,2020-11-24 4:24,27415,4155,FALSE,United Kingdom
Hardy,Symcox,Male,4/16/2012,2020-07-28 18:16,2195,3281,FALSE,United States
Archibald,Brandle,Male,11/30/2018,2020-09-23 8:23,34035,371,FALSE,South Africa
Marlene,Tilt,Female,7/8/2020,2020-06-05 14:40,6841,6129,FALSE,Australia
Agata,Swanborrow,Female,8/23/2014,2020-11-03 19:15,31694,6654,FALSE,Canada
Ingunna,Chaney,Female,2/23/2011,2020-12-08 8:28,25953,5072,TRUE,Australia
Sawyer,Rippon,Male,7/16/2018,2020-12-05 23:39,21668,4489,FALSE,Japan
Cart,Dot,Male,10/14/2012,2020-09-09 21:11,5151,4666,TRUE,Australia
Quinlan,Koba,Male,8/17/2012,2020-08-29 15:21,15450,5653,FALSE,Japan
Ernst,Espadas,Male,3/21/2015,2020-12-12 18:11,2758,5752,FALSE,Brazil
Valenka,Esposita,Female,7/22/2014,2020-10-02 8:27,36741,4989,FALSE,South Africa
Shamus,Tomlinson,Male,1/26/2012,2020-06-01 11:21,28009,4189,TRUE,Brazil
Randall,Michelet,Male,10/17/2019,2020-12-08 21:12,30674,4222,FALSE,Brazil
Allister,Natalie,Male,9/28/2010,2020-08-27 9:06,16326,1853,TRUE,Japan
Vince,Simmans,Male,8/12/2013,2020-05-19 0:07,36343,6652,FALSE,United Kingdom
Dougy,Danher,Male,3/6/2012,2020-05-26 13:45,18664,4535,FALSE,Japan
Elaina,Cowland,Female,10/11/2020,2020-09-06 1:50,19579,3642,FALSE,Japan
Toby,Redwing,Female,4/16/2019,2020-10-18 18:15,8115,5072,TRUE,Canada
Madelena,Mc Carroll,Female,8/3/2014,2020-12-18 0:11,4374,6187,FALSE,Canada
Alard,Edgson,Male,7/28/2010,2020-06-21 19:13,11320,1459,FALSE,United States
Pepi,Wedderburn,Female,10/5/2015,2020-07-26 15:18,1609,3794,FALSE,Canada
Ardelis,Kloisner,Female,4/4/2012,2020-11-05 20:10,18692,4891,TRUE,United States
Nelie,Munnion,Female,11/20/2016,2020-08-06 2:26,13152,4092,TRUE,South Africa
Wendeline,Wooler,Female,1/2/2019,2020-11-25 5:15,26511,6088,FALSE,Australia
Von,Stockall,Male,5/4/2019,2020-11-08 20:28,17113,1159,TRUE,United States
Hilde,Fowden,Female,8/14/2010,2020-05-15 10:21,11661,455,FALSE,Brazil
Sandye,Troup,Female,5/5/2011,2020-12-22 4:04,12230,2189,FALSE,South Africa
Fay,Firle,Female,7/21/2013,2020-08-02 11:00,19329,3903,TRUE,South Africa
Byran,Clover,Male,1/24/2017,2020-08-29 16:41,28505,2049,TRUE,United Kingdom
Hinze,Eggerton,Male,12/19/2015,2020-09-03 3:52,5367,6998,FALSE,South Africa
Rubin,Gallico,Male,6/16/2017,2020-07-11 1:41,15145,4409,FALSE,Japan
Bram,Kempstone,Male,10/8/2010,2020-08-20 14:36,27283,2096,TRUE,United Kingdom
Monte,Clinning,Male,6/19/2015,2020-06-04 18:30,3282,6710,TRUE,United Kingdom
Martelle,Comazzo,Female,9/29/2011,2020-12-21 17:34,36814,4442,TRUE,Canada
Rutger,Malpass,Male,12/24/2019,2020-07-18 0:33,30193,1314,TRUE,United Kingdom
Benjamin,Verdun,Male,7/12/2012,2020-09-04 12:57,19586,2141,FALSE,Canada
Lil,Scheu,Female,2/6/2010,2020-11-08 8:55,34757,6236,FALSE,Japan
Earle,Gentric,Male,2/23/2015,2020-07-27 12:58,35100,7093,FALSE,South Africa
Abel,Neale,Male,9/8/2016,2020-06-04 20:39,20267,7587,TRUE,Canada
Jasper,Messom,Male,8/29/2018,2020-11-08 7:50,11434,6034,TRUE,Canada
Nanci,Beadnall,Female,4/12/2015,2020-09-20 12:43,30731,4879,FALSE,Australia
Killy,Lawles,Male,3/11/2020,2020-05-28 8:41,14629,436,TRUE,Canada
Lorianne,Andreotti,Female,1/7/2015,2020-07-01 3:00,14423,4479,FALSE,United Kingdom
Annis,Frail,Female,4/8/2012,2020-11-22 23:24,16301,381,TRUE,United States
Aurore,Dudenie,Female,9/2/2015,2020-10-21 1:50,14035,6160,TRUE,Canada
Basia,Bentham3,Female,12/28/2015,2020-06-28 12:19,15439,4352,TRUE,South Africa
Conrado,Meaton,Male,9/25/2017,2020-08-09 23:35,32142,601,TRUE,Japan
Dex,Nisco,Male,2/6/2019,2020-07-31 0:43,25079,5546,TRUE,Canada
Em,Darte,Female,10/11/2019,2020-09-06 10:42,23541,2519,TRUE,Brazil
Kellby,Trayling,Male,11/5/2010,2020-06-06 2:04,34991,1989,TRUE,Canada
Mano,Bradford,Male,8/26/2014,2020-11-27 20:27,31231,2853,TRUE,Japan
Dermot,Holttom,Male,7/11/2013,2020-08-21 1:55,3348,3272,FALSE,Canada
Keriann,Beeden,Female,1/26/2010,2020-08-01 1:11,27292,2948,TRUE,Japan
Chet,Hizir,Male,3/12/2011,2020-10-16 20:22,24597,1529,TRUE,United Kingdom
Skylar,Mazillius,Male,12/18/2014,2020-07-16 17:27,7845,6532,FALSE,Brazil
Barbabas,Ick,Male,5/29/2017,2020-08-06 5:44,4401,4038,FALSE,South Africa
Abra,Algie,Female,2/18/2013,2020-12-04 2:45,6549,5445,TRUE,United Kingdom
Bertina,Kristoffersen,Female,1/31/2018,2020-08-05 23:16,5490,493,FALSE,Canada
Kalindi,Reely,Female,7/15/2012,2020-10-04 2:21,21472,6311,FALSE,Japan
Montgomery,Dahl,Male,8/26/2010,2020-10-17 23:28,30093,5308,FALSE,Brazil
Fletcher,Wasbey,Male,9/11/2016,2020-07-25 17:56,2862,7230,FALSE,United Kingdom
Nara,Peidro,Female,1/12/2011,2020-06-10 11:29,21295,4349,FALSE,United Kingdom
Mar,Goldie,Male,4/10/2013,2020-07-18 23:56,5275,3627,FALSE,Australia
Ariel,Grisedale,Male,5/23/2017,2020-11-15 21:58,33087,7171,FALSE,United States
Chester,Hazael,Male,4/18/2020,2020-09-10 2:38,1794,7256,FALSE,United Kingdom
Hugibert,Allbrook,Male,5/27/2017,2020-12-15 14:16,35717,6970,TRUE,Australia
Carmon,Portis,Female,2/21/2018,2020-10-18 20:37,28458,5724,TRUE,United States
Raynard,Arendt,Male,7/9/2019,2020-12-07 18:37,20424,3154,FALSE,United States
Trude,Teasdale-Markie,Female,7/8/2020,2020-09-14 17:47,2319,2330,TRUE,Australia
Galvin,Arnaudot,Male,10/16/2013,2020-08-22 15:34,26225,4348,TRUE,Canada
Jerrylee,Jaycock,Female,8/18/2010,2020-10-24 10:43,32756,2797,FALSE,South Africa
Cherie,Medcalf,Female,2/8/2014,2020-09-27 7:46,31712,144,TRUE,Canada
Alicia,Marler,Female,2/19/2015,2020-07-15 7:25,30796,2909,TRUE,United States
Gregg,Habberjam,Male,4/20/2018,2020-10-31 5:32,18794,2353,TRUE,Canada
Shamus,MacDiarmond,Male,1/2/2015,2020-12-21 3:58,10244,2550,TRUE,Japan
Stanislaus,Smartman,Male,1/3/2016,2020-11-01 10:07,32861,4423,TRUE,South Africa
Karim,Laslett,Male,2/4/2015,2020-09-06 18:05,8016,4119,FALSE,South Africa
Gretna,Vasilyonok,Female,2/17/2017,2020-09-06 9:00,6686,2863,FALSE,Australia
Kristi,Bartolomeoni,Female,2/19/2016,2020-12-15 4:25,20037,6482,FALSE,United States
Doroteya,De Ruggiero,Female,7/12/2016,2020-11-15 4:42,20026,6256,FALSE,Australia
Katlin,Seiller,Female,7/1/2018,2020-06-12 10:56,36577,437,TRUE,Canada
Ursa,Leehane,Female,7/31/2014,2020-07-26 1:29,15637,7014,TRUE,Australia
Roma,Morgue,Male,5/4/2019,2020-09-28 17:44,22334,3754,FALSE,Canada
Wat,Szymanzyk,Male,2/28/2018,2020-05-15 4:55,30992,6869,FALSE,United Kingdom
Drucie,Calcott,Female,10/24/2016,2020-09-13 7:54,13151,6884,TRUE,Australia
Norean,Colombier,Female,4/16/2018,2020-10-15 1:01,36475,3903,TRUE,United States
Uta,Milstead,Female,5/24/2019,2020-10-15 20:22,20905,6365,FALSE,Canada
Tannie,Keays,Male,3/9/2014,2020-08-02 6:26,37197,943,TRUE,Brazil
Francis,MacAllan,Male,3/8/2014,2020-07-19 5:31,31504,6456,TRUE,United States
Krishnah,Strete,Male,8/7/2020,2020-05-18 0:52,9829,2797,TRUE,United Kingdom
Ber,Tulloch,Male,4/11/2017,2020-11-14 0:33,37688,5517,TRUE,Brazil
Hannah,Brame,Female,11/6/2015,2020-07-03 13:31,34316,3197,FALSE,Brazil
Desiri,Mumm,Female,11/19/2019,2020-06-04 15:25,15747,5083,TRUE,United States
Joletta,Naden,Female,10/13/2012,2020-07-05 6:24,33695,5486,TRUE,Brazil
Flor,Henric,Female,7/14/2019,2020-12-03 13:00,3563,3937,TRUE,Japan
Jannelle,Swaddle,Female,1/18/2018,2020-06-03 23:12,17566,4564,TRUE,United States
Molly,Lau,Female,2/19/2011,2020-09-29 3:05,12129,4621,FALSE,Canada
Rivy,Pauleau,Female,3/26/2012,2020-08-09 9:18,23965,5384,FALSE,Canada
Alf,Christer,Male,9/17/2019,2020-07-03 6:09,14302,6190,FALSE,Japan
Hastings,Simenot,Male,10/13/2017,2020-10-31 8:14,23236,5963,TRUE,Japan
Perla,Zoephel,Female,12/11/2010,2020-06-11 20:14,31617,4139,FALSE,Australia
Price,Quickenden,Male,1/30/2011,2020-06-05 6:28,27868,4039,FALSE,Brazil
Leona,Phette,Female,5/24/2020,2020-09-22 22:35,7110,178,TRUE,United Kingdom
Davide,Bushaway,Male,6/8/2018,2020-08-16 5:34,36841,273,FALSE,United Kingdom
Kial,Retallack,Female,8/19/2016,2020-12-15 7:05,17106,917,TRUE,Canada
Kimberli,Cromack,Female,1/17/2011,2020-09-13 16:03,7220,7565,FALSE,South Africa
Thorny,Yelden,Male,3/2/2019,2020-09-26 5:36,31847,3081,FALSE,Australia
Kay,Dmytryk,Female,7/14/2016,2020-10-08 0:04,23135,3183,FALSE,Brazil
Paulie,Featherstonhalgh,Female,12/15/2016,2020-11-02 23:14,9338,5243,FALSE,South Africa
Whit,Ellerton,Male,2/10/2017,2020-11-22 12:19,2200,1576,FALSE,Canada
Jere,Metzel,Male,4/1/2015,2020-09-09 1:09,31793,187,FALSE,Japan
Pamelina,Blasetti,Female,6/30/2015,2020-08-13 7:04,28697,1066,FALSE,United Kingdom
Berri,Bourley,Female,11/5/2014,2020-08-09 10:34,19816,6790,TRUE,Japan
Steve,Collerd,Male,6/30/2013,2020-11-01 20:59,2024,2738,TRUE,Australia
Mendie,Wycherley,Male,11/25/2010,2020-06-20 13:04,7762,269,FALSE,United Kingdom
Bridgette,Tumayan,Female,4/16/2019,2020-12-21 20:01,26734,3011,TRUE,United States
Pauly,Fellini,Female,5/11/2016,2020-08-04 7:44,28377,7342,FALSE,Canada
Ann,Cummins,Female,6/21/2013,2020-06-29 20:59,8755,4230,FALSE,Brazil
Dorie,Wyss,Male,5/30/2012,2020-07-07 4:33,9100,3964,FALSE,Australia
Xenos,Waples,Male,10/15/2018,2020-07-01 21:02,1963,5852,FALSE,United States
Jordain,Dagnall,Female,6/6/2014,2020-05-26 10:38,22987,2330,FALSE,United States
Ellette,Behan,Female,9/11/2012,2020-09-05 21:23,7384,1882,FALSE,Brazil
Morse,Francesco,Male,7/12/2010,2020-06-23 2:23,14567,6912,TRUE,Brazil
Maisey,Griggs,Female,7/22/2014,2020-07-25 8:29,20009,2660,FALSE,United Kingdom
Benoit,Freire,Male,12/7/2018,2020-09-25 7:16,25260,1830,TRUE,Canada
Willie,Curwen,Female,3/2/2011,2020-09-22 7:37,25127,5580,TRUE,Australia
Liz,Ivchenko,Female,6/6/2012,2020-09-28 22:36,12045,5510,TRUE,United Kingdom
Jenny,Matuszak,Female,4/30/2014,2020-07-08 11:40,26271,6371,TRUE,South Africa
Kayne,Schrir,Male,10/5/2013,2020-10-09 20:10,9194,6321,FALSE,South Africa
Baillie,Brear,Male,5/29/2010,2020-09-07 18:24,31052,7539,TRUE,South Africa
Simonette,Franciotti,Female,7/9/2014,2020-07-27 11:19,18641,3725,TRUE,Japan
Aluino,Coppard,Male,9/25/2016,2020-08-15 10:41,22228,701,TRUE,South Africa
Jacquette,Dyet,Female,3/29/2016,2020-12-07 9:39,8588,3459,TRUE,Canada
Trudie,Ayrs,Female,7/11/2016,2020-10-21 12:59,30522,7095,FALSE,United States
Suzie,Leathe,Female,8/24/2016,2020-10-21 2:07,30171,7479,TRUE,Brazil
Killie,Frowd,Male,11/21/2010,2020-12-08 22:54,13351,7259,FALSE,South Africa
Diann,Normadell,Female,3/19/2016,2020-06-28 6:27,23766,5878,FALSE,Japan
Bari,Silcock,Female,9/17/2013,2020-10-25 21:23,26251,221,FALSE,South Africa
Ernesta,Barnett,Female,2/13/2014,2020-08-03 3:10,8080,2100,TRUE,South Africa
Christina,Northen,Female,8/16/2011,2020-08-28 23:05,1804,4198,TRUE,South Africa
Diarmid,Fernie,Male,8/4/2017,2020-12-16 11:49,5793,3686,TRUE,South Africa
Vale,Gerrels,Male,8/21/2019,2020-05-20 9:18,6358,2758,TRUE,South Africa
Emmy,Craigg,Male,2/22/2020,2020-11-09 5:47,1069,3381,TRUE,United States
Adella,Huitson,Female,9/24/2019,2020-06-28 1:07,35424,6642,TRUE,United Kingdom
Artemis,Garfit,Male,1/2/2012,2020-07-14 0:33,8677,5556,TRUE,United Kingdom
Janek,Wilshire,Male,10/18/2015,2020-06-05 17:18,27569,3666,TRUE,Canada
Nahum,Kleimt,Male,5/28/2014,2020-10-30 4:57,951,279,TRUE,South Africa
Waite,Gainsboro,Male,6/15/2013,2020-09-05 12:10,22733,3391,TRUE,Canada
Yasmin,Deegan,Female,3/19/2010,2020-06-21 10:54,10118,4714,TRUE,South Africa
Thaxter,Fancett,Male,4/10/2014,2020-11-15 6:36,27146,876,TRUE,Japan
Lars,Crisp,Male,12/30/2012,2020-12-11 8:20,787,388,FALSE,Canada
Yvon,Goodbur,Male,9/29/2011,2020-09-20 17:36,18906,3851,FALSE,Canada
Pattie,Goody,Female,11/9/2015,2020-07-07 14:41,32425,6376,TRUE,United States
Sol,Andrysek,Male,2/19/2011,2020-10-18 16:06,475,7409,TRUE,Brazil
Regine,Bernholt,Female,11/15/2013,2020-05-23 14:23,19535,6927,TRUE,Canada
Junie,Kleen,Female,3/25/2012,2020-12-04 20:38,12589,112,TRUE,Australia
Marjy,Musson,Female,7/2/2017,2020-07-04 0:26,18935,279,TRUE,Japan
Lukas,Pley,Male,5/30/2014,2020-12-09 10:44,37946,5858,TRUE,United Kingdom
Viola,Mixture,Female,12/18/2018,2020-12-21 23:10,23396,7171,TRUE,United States
Myranda,Kingswood,Female,3/27/2013,2020-08-26 0:50,22536,4497,TRUE,United Kingdom
Rebecka,Bamlett,Female,7/1/2012,2020-10-03 17:12,31373,6403,FALSE,Australia
Ado,Iwaszkiewicz,Male,2/25/2014,2020-12-24 14:48,3620,2458,TRUE,South Africa
Clyde,Rockhall,Male,6/8/2019,2020-11-07 2:46,8924,4214,FALSE,Canada
Grady,Snufflebottom,Male,4/2/2020,2020-07-15 20:59,17892,1897,TRUE,Brazil
Sollie,Van Niekerk,Male,11/2/2018,2020-12-21 2:40,24771,594,FALSE,United States
Carey,Trathan,Female,1/1/2010,2020-10-25 11:07,27714,807,FALSE,South Africa
Felizio,Vala,Male,9/12/2012,2020-08-09 14:50,22218,4466,TRUE,Brazil
Jori,Jouanet,Female,2/3/2010,2020-09-09 15:20,4003,6481,TRUE,Canada
Melamie,Wardhough,Female,1/8/2019,2020-11-26 18:10,22456,1006,FALSE,United Kingdom
Leilah,Knoller,Female,4/26/2020,2020-08-16 4:33,15741,4909,FALSE,Canada
Theo,Goose,Female,6/24/2020,2020-09-26 1:06,1691,833,FALSE,Australia
Larry,Impey,Male,4/19/2019,2020-08-21 13:58,7397,5786,FALSE,South Africa
Denise,Kobisch,Female,4/6/2016,2020-10-03 9:44,28004,574,FALSE,United States
Ashbey,Backman,Male,7/29/2020,2020-12-12 2:50,10621,4223,FALSE,Canada
Vassily,Bultitude,Male,11/6/2012,2020-11-02 6:41,6196,4119,TRUE,Australia
Sybil,Hedderly,Female,2/27/2020,2020-11-23 21:49,10904,212,FALSE,United States
Casie,Heinschke,Female,12/11/2016,2020-07-17 14:05,23000,2266,TRUE,United Kingdom
Ingar,Crisall,Male,9/1/2020,2020-05-27 0:54,13601,2832,TRUE,Brazil
Vale,Agronski,Male,2/14/2019,2020-06-11 19:54,33207,699,FALSE,Canada
Luce,Jeffrey,Female,1/23/2013,2020-10-07 20:18,24065,2651,FALSE,Australia
Kiele,Cereceres,Female,7/13/2016,2020-05-19 17:03,17461,1241,FALSE,Japan
Nathanial,Neising,Male,5/12/2012,2020-05-22 9:29,5346,3749,TRUE,Canada
Evan,Child,Male,2/6/2010,2020-09-17 6:35,25596,497,TRUE,Brazil
Arlene,Arlett,Female,1/29/2020,2020-05-10 13:16,6580,3828,FALSE,Brazil
Midge,Bazley,Female,8/11/2013,2020-06-16 16:56,1169,3944,TRUE,United Kingdom
Arny,Hudghton,Male,10/31/2016,2020-09-09 18:09,30226,3203,TRUE,Canada
Korie,Medlicott,Female,8/12/2015,2020-06-01 0:27,10954,4330,TRUE,Japan
Gibby,Barrick,Male,3/3/2018,2020-06-10 2:04,7745,2742,FALSE,Australia
Yuri,Hasty,Male,4/28/2019,2020-12-11 12:28,13445,6122,TRUE,United Kingdom
Corrie,Lamlin,Male,5/6/2018,2020-09-19 5:33,24852,6338,FALSE,Canada
Genni,Yushkov,Female,5/3/2012,2020-07-10 10:05,5637,4522,TRUE,Canada
Alric,Brentnall,Male,6/5/2013,2020-07-13 16:29,3020,3813,TRUE,Canada
Valina,Prendeguest,Female,9/11/2018,2020-11-06 22:15,33351,1994,FALSE,United States
Ike,Le Franc,Male,12/30/2018,2020-11-24 17:02,17261,6789,FALSE,Canada
Mufinella,McPike,Female,12/31/2015,2020-07-16 18:09,14427,503,FALSE,South Africa
Aida,Cansdill,Female,2/6/2017,2020-09-29 1:00,18165,3420,FALSE,Australia
Eddi,O'Doghesty,Female,3/31/2014,2020-06-22 21:42,26914,967,TRUE,Australia
Benedetta,Redgrave,Female,3/21/2019,2020-05-28 2:40,23586,1563,FALSE,United States
Erminia,Padillo,Female,8/28/2014,2020-05-27 20:12,7890,7027,TRUE,United Kingdom
Rosella,Kalinsky,Female,12/12/2016,2020-11-18 3:44,26933,1547,FALSE,Brazil
Tadd,Corkill,Male,4/21/2016,2020-07-18 6:25,12693,385,TRUE,Canada
Susanna,Landis,Female,7/5/2017,2020-06-17 8:43,9202,3862,FALSE,United Kingdom
Ulberto,McEachern,Male,2/8/2018,2020-06-26 1:07,18961,1831,FALSE,Japan
Ricard,Thurlbeck,Male,4/23/2020,2020-11-29 6:01,22188,1145,FALSE,United States
Xerxes,Sego,Male,1/5/2020,2020-10-08 1:40,29829,4894,TRUE,United States
Prentiss,Goalley,Male,12/12/2019,2020-10-19 19:17,2086,4157,TRUE,Brazil
Giulia,Doughill,Female,5/3/2011,2020-12-12 8:37,37610,5297,FALSE,Brazil
Griffith,Bothram,Male,10/1/2011,2020-09-04 14:35,26742,3852,FALSE,United States
Quinta,MacScherie,Female,11/14/2010,2020-11-24 19:16,3346,2980,FALSE,South Africa
Daveta,Fairholme,Female,4/27/2012,2020-07-19 13:02,30452,6830,FALSE,Japan
Dori,Whyatt,Female,1/13/2020,2020-06-12 9:15,36136,2487,TRUE,Australia
Gage,Worthington,Male,9/18/2011,2020-11-11 22:28,25627,3447,TRUE,South Africa
Guthrey,Trippett,Male,7/24/2012,2020-08-28 9:10,20309,3310,TRUE,Canada
Alexina,Guidini,Female,9/19/2011,2020-12-25 8:19,37435,6183,TRUE,South Africa
Mimi,Kliesl,Female,6/4/2013,2020-10-28 21:29,31670,5819,FALSE,South Africa
Renie,Try,Female,9/24/2015,2020-09-02 3:58,25125,7360,FALSE,Canada
Duffie,Bowmen,Male,10/13/2020,2020-12-13 11:46,36665,2731,TRUE,United Kingdom
Ajay,Maceur,Female,8/10/2017,2020-10-09 8:04,32053,4353,FALSE,South Africa
Natassia,Pollen,Female,11/22/2019,2020-12-19 20:03,16356,4375,TRUE,Japan
Stuart,Van der Krui,Male,9/27/2014,2020-06-09 9:28,31599,835,TRUE,South Africa
Shalne,Ferreiro,Female,12/1/2010,2020-10-19 5:15,32162,5117,TRUE,South Africa
Baily,Goggen,Male,8/24/2019,2020-12-05 19:34,28354,5946,FALSE,United Kingdom
Glenine,Sanja,Female,2/22/2013,2020-09-24 13:00,21870,4131,TRUE,United States
Marten,Demange,Male,1/6/2019,2020-07-04 2:21,20103,6996,TRUE,Australia
Ashton,Dillinton,Male,10/2/2016,2020-08-24 23:45,9736,662,TRUE,Brazil
Lorette,Ivatt,Female,10/28/2014,2020-07-13 1:47,29269,6742,FALSE,Japan
Poppy,Gandey,Female,5/14/2019,2020-07-14 16:50,1577,1991,TRUE,Brazil
Charissa,Drains,Female,1/24/2013,2020-10-19 6:16,18330,6888,FALSE,Australia
Danyelle,Postans,Female,8/7/2020,2020-07-23 19:11,5248,4041,FALSE,United Kingdom
Arlina,Geraldo,Female,4/1/2011,2020-07-16 8:34,32917,5045,FALSE,United Kingdom
Cullin,Spellesy,Male,5/3/2016,2020-09-14 0:26,24840,5032,FALSE,Canada
Davita,Kegley,Female,11/8/2015,2020-05-23 3:03,32445,3709,FALSE,Canada
Annamaria,Frangleton,Female,9/27/2012,2020-07-20 9:53,25394,1475,FALSE,Canada
Guillermo,Slyman,Male,10/9/2019,2020-08-09 9:03,16808,1627,FALSE,United States
Renata,Nolleth,Female,9/18/2018,2020-08-30 20:50,16732,392,TRUE,South Africa
Hasheem,Keers,Male,12/29/2011,2020-11-29 9:10,1208,4532,TRUE,South Africa
Neila,Bodimeade,Female,10/22/2019,2020-08-30 9:34,19739,6360,FALSE,Brazil
Gwyn,Walkley,Female,9/7/2012,2020-06-08 17:13,18833,5525,FALSE,United States
Leona,Keggin,Female,1/13/2018,2020-10-17 15:59,12770,5021,TRUE,Brazil
Jedd,Rowsel,Male,7/28/2015,2020-06-13 1:39,29522,3324,TRUE,Japan
Rafa,Moyles,Female,9/17/2011,2020-06-28 2:29,37267,1206,FALSE,Australia
Iona,Wrankmore,Female,11/23/2013,2020-12-23 11:53,24652,1251,FALSE,Brazil
Alisander,Ravenscroft,Male,12/5/2015,2020-08-22 20:32,24787,4670,TRUE,Japan
Joey,Tredgold,Male,4/19/2010,2020-05-13 11:27,20005,4443,TRUE,United Kingdom
Chelsy,Illing,Female,8/13/2014,2020-12-23 16:23,13096,4731,TRUE,Canada
Pail,Lofting,Male,3/26/2017,2020-11-08 18:16,12839,3171,FALSE,Japan
Alvin,Gaskamp,Male,8/3/2016,2020-05-30 14:01,37379,6355,FALSE,South Africa
Fraze,Foli,Male,4/1/2014,2020-08-26 13:07,33613,1391,TRUE,United Kingdom
Gayelord,McKernon,Male,2/20/2012,2020-09-22 18:50,9057,5232,TRUE,Australia
Osmund,Gebuhr,Male,7/28/2020,2020-12-01 13:52,3012,317,FALSE,Australia
Fionnula,Elderidge,Female,12/4/2019,2020-08-10 16:02,24112,149,TRUE,Brazil
Mignonne,Jancy,Female,6/7/2016,2020-07-08 4:24,32257,5799,TRUE,Brazil
Shae,Blackaller,Female,2/25/2020,2020-12-18 20:27,2638,5965,FALSE,Japan
Eben,Tolomelli,Male,1/26/2020,2020-11-02 17:51,6954,6158,FALSE,United Kingdom
Bibby,Siward,Female,10/19/2020,2020-08-14 0:14,1668,1008,TRUE,South Africa
Ruperto,Tuting,Male,3/29/2018,2020-09-08 21:07,24926,1913,FALSE,United States
Bernelle,Tarquini,Female,5/1/2018,2020-08-02 3:12,29405,6163,FALSE,Australia
Porty,Ramsell,Male,11/17/2011,2020-11-30 6:09,19352,1325,FALSE,Canada
Abramo,Schouthede,Male,8/30/2010,2020-07-05 1:40,29953,4274,TRUE,Australia
Chris,Clow,Female,11/12/2011,2020-10-26 13:56,10245,727,FALSE,Australia
Rick,Claringbold,Male,4/3/2012,2020-11-29 9:35,20226,1366,FALSE,United States
Celia,Ethelstone,Female,10/10/2011,2020-10-18 10:15,33053,4445,FALSE,Brazil
Hieronymus,Judd,Male,3/10/2019,2020-08-30 16:44,12598,4945,FALSE,Japan
Tracee,Kingescot,Female,9/12/2016,2020-08-23 19:42,23377,4329,FALSE,Brazil
Luce,Sparshatt,Female,9/29/2020,2020-07-12 9:42,31924,410,FALSE,Brazil
Filmer,Rowett,Male,10/5/2011,2020-07-02 11:12,36197,4317,TRUE,United Kingdom
Devonne,Orritt,Female,6/20/2018,2020-05-10 14:25,37812,5400,FALSE,Australia
Hartley,Mantle,Male,3/29/2014,2020-05-23 19:13,1888,5219,FALSE,Brazil
Matthiew,Tilston,Male,10/21/2011,2020-12-06 2:30,1679,7571,TRUE,Australia
Laetitia,Flintuff,Female,3/15/2015,2020-07-26 16:53,21213,2301,FALSE,Japan
Rhett,Minghella,Male,2/24/2016,2020-07-29 8:41,28523,5280,FALSE,South Africa
Rona,Haukey,Female,7/3/2016,2020-11-30 13:35,17505,1836,FALSE,Canada
Jenni,Haycock,Female,11/25/2016,2020-06-19 7:08,29206,873,TRUE,Canada
Rutherford,Folomkin,Male,4/8/2017,2020-08-02 14:28,18312,476,TRUE,Brazil
Ewan,Martensen,Male,12/10/2011,2020-06-21 6:06,33080,5774,FALSE,Japan
Saxe,Walding,Male,10/6/2016,2020-12-10 23:05,1230,2552,FALSE,South Africa
Opal,Goulbourn,Female,2/9/2018,2020-12-20 19:15,18243,6195,TRUE,Brazil
Leonid,Pruckner,Male,5/31/2010,2020-05-31 3:13,5780,3607,TRUE,Japan
Viola,Gilhoolie,Female,5/25/2020,2020-10-16 16:53,13412,6989,TRUE,United States
Halsy,Pacey,Male,4/4/2012,2020-09-19 7:47,36016,5352,TRUE,United Kingdom
Derward,Cremins,Male,9/20/2019,2020-07-17 11:02,19132,4634,FALSE,Canada
Stanley,Seaward,Male,7/6/2020,2020-10-01 10:40,25323,2386,FALSE,Canada
George,Mc Ilory,Female,1/11/2017,2020-11-03 0:51,11224,5601,FALSE,Australia
Idaline,Sinclar,Female,2/9/2013,2020-05-24 1:51,5572,6275,FALSE,Canada
Shurlocke,Trubshaw,Male,6/18/2018,2020-07-17 5:17,24557,4540,FALSE,Canada
Lindsay,Mant,Male,2/20/2015,2020-07-26 1:27,24231,7314,FALSE,Australia
Catrina,Bloyes,Female,1/30/2015,2020-08-16 7:33,35048,318,TRUE,Canada
Sherwood,Wareing,Male,9/27/2018,2020-08-27 15:35,7493,540,TRUE,Australia
Delbert,Dorkin,Male,1/1/2016,2020-07-04 5:37,23140,6746,FALSE,Brazil
Hakim,Calvard,Male,8/13/2016,2020-12-13 18:45,25492,923,FALSE,United Kingdom
Suki,Ansteys,Female,6/2/2018,2020-10-05 21:26,17733,788,TRUE,Australia
Inessa,Prettyman,Female,9/20/2016,2020-10-09 10:51,10461,760,FALSE,South Africa
Devonne,Orritt,Female,6/20/2018,2020-05-10 14:25,37812,5400,FALSE,Australia
Gayelord,McKernon,Male,2/20/2012,2020-09-22 18:50,9057,5232,TRUE,Australia
Osmund,Gebuhr,Male,7/28/2020,2020-12-01 13:52,3012,317,FALSE,Australia
Fionnula,Elderidge,Female,12/4/2019,2020-08-10 16:02,24112,149,TRUE,Brazil
Mignonne,Jancy,Female,6/7/2016,2020-07-08 4:24,32257,5799,TRUE,Brazil
Shae,Blackaller,Female,2/25/2020,2020-12-18 20:27,2638,5965,FALSE,Japan
Eben,Tolomelli,Male,1/26/2020,2020-11-02 17:51,6954,6158,FALSE,United Kingdom
Bibby,Siward,Female,10/19/2020,2020-08-14 0:14,1668,1008,TRUE,South Africa
Waite,Gainsboro,Male,6/15/2013,2020-09-05 12:10,22733,3391,TRUE,Canada
Yasmin,Deegan,Female,3/19/2010,2020-06-21 10:54,10118,4714,TRUE,South Africa
Thaxter,Fancett,Male,4/10/2014,2020-11-15 6:36,27146,876,TRUE,Japan
Lars,Crisp,Male,12/30/2012,2020-12-11 8:20,787,388,FALSE,Canada
Yvon,Goodbur,Male,9/29/2011,2020-09-20 17:36,18906,3851,FALSE,Canada
Pattie,Goody,Female,11/9/2015,2020-07-07 14:41,32425,6376,TRUE,United States
Sol,Andrysek,Male,2/19/2011,2020-10-18 16:06,475,7409,TRUE,Brazil
Regine,Bernholt,Female,11/15/2013,2020-05-23 14:23,19535,6927,TRUE,Canada
